cluster_id	Cluster	Celltype	Supertype	Subclass	Neighborhood	Class	region.info (Frequency)	Curated markers	NSForest markers (Combo)	Binary genes	NSForest F1 score	Cluster size	Gene counts	UMI counts	Notes
1	1_MSN			D1-Matrix	D1-MSN	MSN	PuR(0.52) | CaH(0.39)		"EPYC, RELN, GULP1"	"EPYC, EBF1, TAC1, RELN, SEMA3A, GULP1, GPC5, CNTNAP4, KCNIP4, DSCAM"	0.577393009	16393	3798	13134	
2	2_MSN			D1-Matrix	D1-MSN	MSN	CaH(0.95)		"SEMA3E, TOX3, RELN, RAP1GAP"	"ZNF484, SEMA3E, TOX3, RELN, SEMA3A, RAP1GAP, CNTNAP4, FHOD3, PSD3, ZBTB20"	0.297633569	1642	3720	11928	
3	3_MSN			D1-Matrix	D1-MSN	MSN	CaH(0.59) | PuR(0.38)		"RELN, FGGY, CDH10, LRMDA, VRK1, ASAP2"	"RELN, FGGY, CDH10, LRMDA, VRK1, ASAP2, CALN1, RALYL"	0.105531296	226	4152	15628	
4	4_MSN			D1-Matrix	D1-MSN	MSN	PuR(0.91) | CaH(0.08)		"EVC, RXFP2, ETV5, SEMA3E"	"EVC, RXFP2, SP100, ETV5, SEMA3E, HTR2C, RELN, RGS6, MAML2, CLSTN2"	0.386255924	974	4827	23573	
5	5_MSN			D2-Matrix	D2-MSN	MSN	PuR(0.44) | CaB(0.23) | PuC(0.22) | PuPV(0.06)		"BMPR1B, DRD2, STXBP6, CHRM3"	"PENK, BMPR1B, DRD2, STXBP6, GRIK3, CHRM3, SORCS1, PTPRM, ERBB4, RABGAP1L"	0.472157899	22539	3874	13484	
6	6_MSN			D2-Matrix	D2-MSN	MSN	PuR(0.69) | GPe(0.13) | CaH(0.09) | PuPV(0.06)		"PENK, TTC12, COL5A2, FIG4"	"PENK, TTC12, COL5A2, DRD2, FIG4, CHRM3, UNC5D, KHDRBS2, PCDH9, PDE4D"	0.142093493	4351	3922	13861	
7	7_MSN			D2-Matrix	D2-MSN	MSN	PuR(0.74) | PuC(0.2)		"PENK, TTC12, COL5A2, DRD2, SMOC2"	"PENK, TTC12, COL5A2, DRD2, SMOC2, FIG4, COL25A1, SCHIP1, PRKCB, PHACTR1"	0.217815718	4123	3953	15259	
8	8_MSN			D2-Matrix	D2-MSN	MSN	CaH(0.86) | PuR(0.09)		"DRD2, OPRM1, SEMA3E, FIG4"	"PENK, TTC12, DRD2, OPRM1, SEMA3E, FIG4, STXBP6, SEMA3A, SNTG2, NELL1"	0.512811598	9443	3818	13352	
9	9_MSN			D2-Striosome	D2-MSN	MSN	CaH(0.32) | PuR(0.28) | CaB(0.21) | PuC(0.08)		"PENK, DRD2, KCNIP1, BACH2, KHDRBS2"	"PENK, DRD2, KCNIP1, BACH2, KHDRBS2, SORBS2, KIRREL3, NPAS3, GRIK2, PCDH7"	0.5937878	7628	3950	14885	
10	10_MSN			D2-Striosome	D2-MSN	MSN	PuC(0.49) | PuR(0.38)		"TLR4, TSPEAR, ABCC4, INPP5A, GRIK3"	"TLR4, TSPEAR, ABCC4, ITPR2, INPP5A, GRIK3, KCNIP1, FAM135B, ASTN2, MSI2"	0.131960336	1055	3955	13826	
11	11_MSN			D2-Striosome	D2-MSN	MSN	PuR(0.43) | PuC(0.36) | PuPV(0.11)		"ADAMTSL1, IL1RAPL2, KCNIP1, NECAB1, ARHGAP6"	"ADAMTSL1, IL1RAPL2, CUX2, KCNIP1, NECAB1, ARHGAP6, GALNT17, RYR2, CACNA1C, FRMD4A"	0.350087159	1622	3777	12311	
12	12_MSN			D2-Striosome	D2-MSN	MSN	PuPV(0.42) | CaT(0.4) | GPe(0.09)		"KCNT2, CCDC178, NETO1, SORCS3, GUCY1A2"	"KCNT2, DACH1, CCDC178, NETO1, SORCS3, GUCY1A2, BRINP3, ALCAM, PHACTR1, UNC5D"	0.155666252	327	2668	8285	
13	13_MSN			D2-Matrix	D2-MSN	MSN	NAC(0.87)		"OCA2, BACH2, DGKB"	"OCA2, FIG4, UNC13C, BACH2, CDH11, DGKB, PHACTR1, RBMS3, KHDRBS2, UNC5C"	0.130331754	488	2648	8665	
14	14_MSN			D1D2-Hybrid	Hybrid	MSN	CaH(0.71) | PuR(0.16) | CaB(0.06)		"RXFP1, ITGA9, STK32B"	"SEMA5B, RXFP1, ITGA9, STK32B, SPON1, TRHDE, FOXP2, KCNT2, ASIC2, ALK"	0.697394418	4708	3654	12333	
15	15_MSN			D1D2-Hybrid	Hybrid	MSN	PuR(0.37) | PuC(0.32) | CaB(0.11) | PuPV(0.09) | CaH(0.08)		"GLI3, TAC1, DRD2, TSHZ1"	"NFATC2, GLI3, TAC1, DRD2, TSHZ1, IVNS1ABP, RGS9, GRIK1, SNTG2, ADARB2"	0.462455884	2581	3826	13265	
16	16_MSN			D1D2-Hybrid	Hybrid	MSN	CaB(0.35) | NAC(0.14) | PuC(0.13) | PuPV(0.12) | PuR(0.09) | GPe(0.07) | CaT(0.06)		"CALCRL, B3GAT2, SEMA5B, RXFP1, CPNE8, FOXP2"	"CALCRL, B3GAT2, SEMA5B, RXFP1, CPNE8, FOXP2, SHISA6, CDH12, NETO1, SORCS2"	0.375536481	1166	3957	13843	
17	17_MSN			D1D2-Hybrid	Hybrid	MSN	CaB(0.54) | CaT(0.15) | PuPV(0.15)		"CALCRL, RXFP1, TAC1"	"CALCRL, RXFP1, EYA2, TAC1, CAMK2N1, NRGN, FOXP2, STRIP2, ANO3, SORCS2"	0.50472255	1906	4216	15599	
19	19_MSN			D1D2-Hybrid	Hybrid	MSN	PuC(0.65) | CaT(0.12) | NAC(0.08) | GPi(0.07) | PuPV(0.06)		"GLI3, ADAMTSL1, GRIK1"	"GLI3, MYO1B, ADAMTSL1, IVNS1ABP, GRIK1, PBX3, PRR16, PDE10A, ZNF804A, PLCB1"	0.332216639	871	2623	8256	
20	20_MSN			D1D2-Hybrid	Hybrid	MSN	CaT(0.48) | PuPV(0.25) | NAC(0.16)		"FOXP2, NETO1, ADARB2"	"RXFP1, TSHZ1, FOXP2, NETO1, ALK, ADARB2, PBX3, PDE10A, RPS6KA2, PLCB1"	0.188117558	2710	2254	6236	
21	21_MSN			D1D2-Hybrid	Hybrid	MSN	PuPV(0.44) | NAC(0.41) | CaT(0.11)		"RXFP1, FOXP2, LMO7"	"RXFP1, CEMIP, TSHZ1, ARHGAP18, FOXP2, LMO7, ERBB4, RPS6KA6, KCNIP4, FOCAD"	0.105473204	570	2093	5282	
22	22_MSN			D1-Matrix	D1-MSN	MSN	PuR(0.46) | PuC(0.45)		"EBF1, CNR1, GPC5, ERBB4"	"EBF1, CNR1, RELN, GPC5, NECAB1, ERBB4, LDLRAD4, HS6ST3, DSCAM, GRIK2"	0.465984347	16850	3800	13101	
23	23_MSN			D1-NUDAP	Hybrid	MSN	PuR(0.33) | NAC(0.2) | CaH(0.15) | PuC(0.09) | GPe(0.09) | CaB(0.08)		"PTH2R, FRMD6, CHST9"	"PTH2R, FRMD6, CHST9, NPFFR2, TSHZ1, TRHDE, KCNH5, TRPM3, HS6ST2, SORCS2"	0.504338395	1006	2884	7514	
24	24_MSN			D1-NUDAP	Hybrid	MSN	NAC(0.91)		"CHST9, COL19A1, PDE1A"	"CHST9, EYA2, COL19A1, VWC2L, KCNH5, PDE1A, DGKG, ADCY2, NETO1, KHDRBS2"	0.54952114	2174	3280	8701	
25	25_MSN			D1-NUDAP	Hybrid	MSN	NAC(0.91)		"RXFP1, EYA2, ANKFN1"	"CHST9, RXFP1, EYA2, VWDE, ANKFN1, FOXP2, VWC2L, GULP1, GRM8, PBX3"	0.523916491	2592	2985	7131	
26	26_MSN			D1-NUDAP	Hybrid	MSN	NAC(0.86)		"EYA2, CPNE8, EPHA3"	"CHST9, B3GAT2, NPFFR2, EYA2, CPNE8, EPHA3, ANKFN1, ADCY2, PLD5, ERBB4"	0.483651226	1178	3186	8158	
27	27_MSN			D1-NUDAP	Hybrid	MSN	NAC(0.87)		"ANKFN1, FOXP2, ZFPM2, SORCS1"	"NPFFR2, ANKFN1, FOXP2, ZFPM2, SEZ6L, SORCS1, TMEM132C, ERBB4, INPP4B, RPS6KA2"	0.254129606	717	2902	6708	
28	28_MSN			D1-NUDAP	Hybrid	MSN	NAC(0.9)		"PTH2R, RASGRF2, ARHGAP18, FOXP2"	"PTH2R, NPFFR2, CEMIP, RASGRF2, ARHGAP18, FOXP2, PDE1A, SEZ6L, KCNQ5, RPS6KA2"	0.421133231	1325	3617	10196	
29	29_MSN			D1-NUDAP	Hybrid	MSN	GPi(0.42) | NAC(0.22) | PuPV(0.17) | CaT(0.08) | GPe(0.07)		"EPHA3, KCNH5"	"CHST9, NPFFR2, TSHZ1, EPHA3, KCNH5, VWC2L, HS6ST2, BRINP3, KCNH7, GALNTL6"	0.180932498	285	1713	3828	
30	30_MSN			D1-NUDAP	Hybrid	MSN	NAC(0.85) | CaT(0.08)		"EYA2, CADPS2, GLRA3"	"CHST9, EYA2, TSHZ1, CADPS2, GLRA3, EPHA3, FOXP2, PRKG1, UNC5D, ZNF407"	0.18195051	267	1778	3908	
31	31_MSN			D2-Matrix	D2-MSN	MSN	PuC(0.42) | PuR(0.28) | CaH(0.12)		"mml-mir-663-1, ARAP1, GNG7"	"mml-mir-663-1, COCH, ARAP1, GNG7, INPP5A, GRIK3, ADCY5, SORCS2, PPP2R2C, OSBP2"	0.214932127	194	3651	10791	
32	32_MSN			D2-Matrix	D2-MSN	MSN	PuR(0.46) | PuC(0.39)		"SMOC2, GNG7"	"mml-mir-663-1, SMOC2, SNTG2, GNG7, INPP5A, ADCY5, SORCS2, EFR3B, PPP2R2C, ABLIM2"	0.246262093	453	3590	10616	
34	34_MSN			D1-Matrix	D1-MSN	MSN	PuR(0.69) | PuC(0.1) | CaH(0.06)		"KANK4, SNTG2, GNG7"	"CCDC88C, KANK4, SNTG2, GNG7, INPP5A, ADCY5, PPP2R2C, ABLIM2, LDLRAD4, DLGAP2"	0.252849003	404	4168	14441	
35	35_MSN			D1-Matrix	D1-MSN	MSN	PuC(0.46) | PuR(0.24) | CaH(0.13) | CaB(0.08)		"GNG7, KCNIP1"	"mml-mir-663-1, NGEF, SNTG2, GNG7, INPP5A, KCNIP1, BCL11B, ADCY5, PPP2R2C, DNMT3A"	0.239130435	180	3726	11004	
36	36_MSN			D1-Matrix	D1-MSN	MSN	CaH(0.94)		"mml-mir-663-1, ASAP2, SGK1, CDON"	"mml-mir-663-1, GNG7, ASAP2, PDZD2, SGK1, CDON, CALN1, DLGAP2, SGSM1, KCND2"	0.350600126	883	4409	16818	
39	39_MSN			D1-Striosome	D1-MSN	MSN	CaH(0.85) | PuR(0.09)		"RELN, FOXP2, UNC13C, BACH2, GPC5"	"RELN, FOXP2, UNC13C, BACH2, ST6GALNAC5, GPC5, DGKB, GPC6, PTPRM, DLGAP1"	0.492585728	3054	3790	13358	
40	40_MSN			D1-Striosome	D1-MSN	MSN	PuR(0.3) | CaB(0.27) | PuC(0.2) | PuPV(0.1) | CaH(0.07)		"TAC1, RELN, TPM1, KCNIP1"	"TAC1, RELN, FOXP2, TOX, TPM1, KCNIP1, KHDRBS3, ERBB4, KIRREL3, GRIK2"	0.484761601	7014	4009	15000	
41	41_MSN			D1-Striosome	D1-MSN	MSN	PuR(0.65) | PuC(0.29)		"RELN, PTPRB, PLEKHA6, ERBB4"	"ARHGAP10, RELN, PTPRB, BACH2, PLEKHA6, ERBB4, PTPRR, PRKCB, DGKB, ROBO2"	0.26064736	847	3881	15040	
42	42_MSN			D1-Striosome	D1-MSN	MSN	PuC(0.78) | NAC(0.11) | GPi(0.06)		"RELN, HOMER1"	"SLC7A2, CNR1, RELN, TET3, PDE10A, HOMER1, ERBB4, ATP2B1, DGKI, ROCK2"	0.36732295	1183	2639	9007	
43	43_MSN			D1-Striosome	D1-MSN	MSN	NAC(0.9)		"RELN, ANO3, SORCS1, ST6GALNAC5"	"RELN, ANO3, KCNIP1, SORCS1, BACH2, ST6GALNAC5, KHDRBS3, DGKB, CDH8, UNC5C"	0.120845922	481	2617	8264	
44	44_MSN			D1-Striosome	D1-MSN	MSN	CaT(0.59) | PuPV(0.22) | GPi(0.07) | PuC(0.06)		"SULF1, EBF1, PTPRT, KHDRBS3"	"SULF1, EBF1, RELN, TPK1, PTPRT, KHDRBS3, MCTP1, ALCAM, GPC6, EFNA5"	0.39532294	1098	2724	8360	
47	47_MSN			D1-Matrix	D1-MSN	MSN	PuPV(0.62) | PuR(0.22) | PuC(0.1)		"SULF1, BMPR1B, EBF1, RASGRF2, ABCC4"	"SULF1, BMPR1B, EBF1, RASGRF2, ABCC4, PREX2, RELN, ZNF521, TOX, CALD1"	0.143198091	1004	4758	21039	
49	49_MSN			D1-Matrix	D1-MSN	MSN	CaB(0.9)		"N6AMT1, NEFM, TAC1, EBF1, ARPP19, TRPM6"	"N6AMT1, NEFM, TAC1, EBF1, ARPP19, TRPM6, PCP4, RELN, FOXP2, CNTNAP4"	0.333291011	1924	4751	20154	
50	50_MSN			D1-Matrix	D1-MSN	MSN	CaB(0.86) | PuR(0.07)		"EBF1, ADAMTS3, RELN, STXBP6, FOXP2, DLC1"	"EBF1, ADAMTS3, RELN, STXBP6, FOXP2, DLC1, SCHIP1, MCTP1, PRKCB, DGKB"	0.141860162	1012	3949	15473	
51	51_MSN			D1-Matrix	D1-MSN	MSN	CaB(0.87)		"MYO1B, EBF1, TAC1, ARPP19, IL1RAPL2, PREX2"	"MYO1B, EBF1, TAC1, ARPP19, IL1RAPL2, PREX2, RBM20, FOXP2, DCHS2, MCTP1"	0.219917012	1052	4656	18865	
53	53_MSN			D2-Hybrid-MCHR2	D2-MSN	MSN	CaH(0.36) | PuR(0.24) | CaB(0.2) | PuC(0.08)		"MCHR2, SMCO4"	"PKHD1, MCHR2, SMCO4, DACH2, KCNT2, GRIK3, NETO1, SEMA6D, CNTN4, GPC6"	0.64878991	2493	4142	15998	
54	54_MSN			D2-Hybrid-MCHR2	D2-MSN	MSN	CaT(0.44) | PuC(0.23) | NAC(0.15) | PuPV(0.09)		"KCNT2, DACH1"	"DACH2, RBM20, KCNT2, DACH1, NETO1, CDH13, ZNF804A, DGKI, DPP10, SLC44A1"	0.28179404	757	2707	8779	
55	55_MSN			D2-Hybrid-MCHR2	D2-MSN	MSN	PuC(0.43) | PuR(0.36) | CaB(0.11)		"NR4A3, MCHR2"	"NR4A3, MCHR2, PCSK1, FAT1, DACH2, TEAD1, USP3, MPPED2, HOMER1, CAST"	0.565159575	284	3831	15288	
56	56_MSN			D2-Matrix	D2-MSN	MSN	PuC(0.6) | PuR(0.38)		"NR4A3, DRD2"	"NR4A3, PENK, DRD2, SLC7A1, SLC25A25, ACTN2, BAIAP2, ARPP21, HOMER1, PTPRM"	0.602559113	7302	3485	11842	
57	57_MSN			D2-ShellOT	D2-MSN	MSN	NAC(0.87) | PuPV(0.07)		"PENK, FGFR2, HTR2C, PDE1A"	"MOXD1, PENK, FGFR2, DRD2, HTR2C, PDE1A, PLCL1, CDH4, UNC5D, PTPRM"	0.452714609	3333	3478	9375	
58	58_MSN			D2-ShellOT	D2-MSN	MSN	NAC(0.92)		"SYT10, HTR2C, SMOC2, DGKG"	"SYT10, PENK, DRD2, HTR2C, SMOC2, DGKG, HS3ST4, CDH9, ST6GALNAC3, PTPRR"	0.271711529	797	3348	8937	
59	59_MSN			D2-ShellOT	D2-MSN	MSN	NAC(0.97)		"HTR2C, GUCY1A1, UNC13C, GRIK3"	"PENK, CSGALNACT1, HTR2C, GUCY1A1, UNC13C, GRIK3, CHRM3, SYN3, GRIA3, EPHA6"	0.318087709	2073	3602	10315	
60	60_MSN			D2-ShellOT	D2-MSN	MSN	NAC(0.86) | PuPV(0.09)		"CALCR, TLE4"	"CALCR, CFAP54, HTR2C, TLE4, DGKH, FGF13, UTRN, GUCY1A2, ADGRL2, DIAPH2"	0.240137221	271	2152	5325	
61	61_MSN			D1-ShellOT	D1-MSN	MSN	NAC(0.94)		"FAM126A, PMEPA1, TAFA1, L3MBTL4"	"CRYM, FAM126A, PMEPA1, TAFA1, HS3ST4, L3MBTL4, RAP1GAP, TMEM132D, GPR155, PRKG1"	0.289788409	614	3291	8590	
62	62_MSN			D1-ShellOT	D1-MSN	MSN	NAC(0.96)		"RASGRF2, PRKCH, NELL1, CDH4"	"EVC, RASGRF2, PRKCH, DGKH, NELL1, CDH4, PDE10A, LRRTM4, KCNIP4, ARL15"	0.323341192	2543	3531	9579	
63	63_MSN			D1-ShellOT	D1-MSN	MSN	NAC(0.96)		"MOXD1, PALMD, CFAP20DC, CSGALNACT1, PTPRZ1"	"MOXD1, PALMD, CFAP20DC, CSGALNACT1, RASGRF2, PTPRZ1, SEMA5A, FSTL4, LRMDA, CDH4"	0.240858967	755	4087	12874	
64	64_MSN			D1-ShellOT	D1-MSN	MSN	NAC(0.97)		"RBM20, FSTL4, CNTN3"	"RASGRF2, RBM20, GREB1L, FSTL4, CNTN3, GPC5, ERBB4, RBFOX1, KCNIP4, NLGN1"	0.342323652	3394	2230	4762	
65	65_MSN			D1-ShellOT	D1-MSN	MSN	NAC(0.99)		"HHIP, SULF1, RASGRF2, MYO16"	"HHIP, SULF1, RASGRF2, RBM20, FSTL4, MYO16, TMTC2, MCTP1, GPC6, SGCZ"	0.294305822	1202	3985	12526	
66	66_MSN			D1-ShellOT	D1-MSN	MSN	NAC(0.99)		"SULF1, PMEPA1, PARD3B, NELL1, MYO16"	"SULF1, PMEPA1, FSTL4, PARD3B, NELL1, MYO16, PDZD2, CBLB, SGCZ, STXBP5L"	0.206293706	398	2914	6762	
67	67_MSN			D1-ShellOT	D1-MSN	MSN	NAC(0.96)		"LYPD1, SULF1, FOXP2"	"LYPD1, SULF1, GREM2, PDE1C, COL19A1, FOXP2, ALCAM, CBLB, ZNF385D, CELF2"	0.46108291	546	4366	15706	
68	68_MSN			D1-ShellOT	D1-MSN	MSN	NAC(0.99)		"PDE1C, FSTL4, ARHGAP6, NELL1, SEZ6L"	"PDE1C, FSTL4, ARHGAP6, NELL1, SEZ6L, RAP1GAP, GRIA4, RYR3, SLC35F3, ATP8A1"	0.288065844	605	3586	9749	
69	69_MSN			D1-ShellOT	D1-MSN	MSN	NAC(0.98)		"C1QTNF7, FAM126A, RASGRF2, TAFA1, SEMA5A"	"C1QTNF7, FAM126A, RASGRF2, TAFA1, PMEPA1, SEMA5A, SNTG2, HS3ST4, DOCK10, ADGRL2"	0.537340619	390	4173	13714	
74	74_MSN			D1-Matrix	D1-MSN	MSN	CaT(0.8) | PuPV(0.16)		"BMPR1B, EBF1, RBM20"	"BMPR1B, EBF1, IL1RAPL2, RASGRF2, PREX2, RBM20, FOXP2, DCHS2, TOX, SCHIP1"	0.65586186	9360	2847	9076	
75	75_MSN			D1-ShellOT	D1-MSN	MSN	PuPV(0.61) | GPe(0.32)		"CFAP20DC, EBF1, PTPRZ1, CDH7"	"CFAP20DC, EBF1, GDA, PTPRZ1, MAP3K5, CDH7, CNTNAP4, UTRN, FHIT, PRKG1"	0.147874307	546	3099	10780	
76	76_MSN			D1-ShellOT	D1-MSN	MSN	PuC(0.47) | PuPV(0.39) | CaB(0.11)		"PRKCG, GLIS3, EBF1, ARHGAP28, ZNF423, LANCL2"	"PRKCG, GLIS3, EBF1, ARHGAP28, ZNF423, LANCL2, PDZD2, PEX5L, RBFOX3, DPP10"	0.206349206	135	4451	16269	
77	77_MSN			D1-ShellOT	D1-MSN	MSN	PuPV(0.71) | CaT(0.2)		"SNTG2, PTPRK, GRM8"	"SULF1, EBF1, PDE1C, SNTG2, PTPRK, GRM8, ADARB2, CNTNAP4, PEX5L, HS6ST3"	0.598896044	1951	2617	7858	
78	78_MSN			D1-ICj	D1-MSN	Granular	NAC(1.0)		"KCNT2, PDE1A"	"CD96, DRD3, NTN1, KCNT2, PDE1A, PLD5, HS3ST5, MYO16, GRM1, GLCCI1"	0.627260083	1587	1561	2778	
79	79_MSN			D1-ICj	D1-MSN	Granular	NAC(1.0)		"RBM20, CPNE4"	"GRB14, TCERG1L, RBM20, CPNE4, KCNT2, FSTL4, NECAB1, MYO16, PRKG1, DPP10"	0.495666878	1551	2693	6165	
80	80_MSN			D1-ICj	D1-MSN	Granular	NAC(1.0)		"TCERG1L, CPNE4, FOXP2, PDE1A"	"BTG1, TCERG1L, CPNE4, FOXP2, KCNT2, PDE1A, ACVR2A, EPB41L4B, GRM1, UNC5C"	0.146657572	206	2409	5278	
81	81_MSN			D1-ShellOT	D1-MSN	MSN	NAC(1.0)		"GLIS3, CPNE4, NECAB1"	"GLIS3, RBM20, HTR4, CPNE4, FSTL4, NECAB1, PKNOX2, MYO16, RYR3, GPC5"	0.256556442	321	3741	10981	
82	82_MSN			D2-ShellOT	D2-MSN	MSN	CaB(0.76) | NAC(0.11)		"PENK, RGS6"	"DCDC2, PENK, RGS6, NELL1, CDH9, ST6GALNAC3, DPYD, CNTN5, CAMK2D, SGCZ"	0.454545455	437	4301	14824	
83	83_MSN			D2-ShellOT	D2-MSN	MSN	PuPV(0.72) | CaT(0.22)		"CALCRL, PDE1A, RGS6, ST6GALNAC3"	"CALCRL, CSGALNACT1, HTR2C, PDE1A, RGS6, ST6GALNAC3, CDH9, NELL1, SH3GL2, GRM7"	0.420015556	1437	2139	5304	
84	84_MSN			D2-ShellOT	D2-MSN	MSN	PuPV(0.82) | CaT(0.13)		"CALCRL, HTR2C, TRPM3"	"MOXD1, CALCRL, HTR2C, GUCY1A1, TRPM3, ST6GALNAC3, CDH9, DPP10, SGCZ, CSMD1"	0.535231149	5074	2437	6952	
87	87_MSN			D2-Matrix	D2-MSN	MSN	PuC(0.91) | GPi(0.08)		"EPYC, DRD2, SNTG2"	"EPYC, GLI3, DRD2, HPSE2, SNTG2, STXBP6, PDE10A, RAP1GAP, PTPRM, PLCB1"	0.530269414	5215	2643	8634	
88	88_MSN			D2-Matrix	D2-MSN	MSN	PuC(0.77) | GPi(0.18)		"SLC7A2, PDE10A, ASTN2, RYR2"	"SLC7A2, PDE10A, DGKB, ASTN2, DGKI, RYR2, PLCB1, KIRREL3, FGF14, CNTNAP2"	0.206806901	1223	2661	8839	
89	89_MSN			D1-Matrix	D1-MSN	MSN	PuC(0.9) | GPi(0.08)		"EPYC, RELN, PDE10A"	"EPYC, EBF1, SNTG2, RELN, CNTNAP4, PDE10A, NECAB1, ERBB4, HS6ST3, ROBO2"	0.5521049	4439	2675	8910	
90	90_MSN			D2-Matrix	D2-MSN	MSN	CaT(0.7) | PuPV(0.24)		"GLI3, DRD2, RBM20"	"GLI3, BMPR1B, DRD2, HTR4, RBM20, RAP1GAP, KCNH7, SGCZ, RYR2, PDE4B"	0.59589657	11169	2642	8041	
1	1_IN			LHX6-TAC3-PLPP4	TAC3	IN	CaH(0.33) | CaB(0.2) | PuR(0.13) | PuC(0.11) | CaT(0.1) | NAC(0.06)	"TAC3, PLPP4, GFRA2"	"ARHGAP28, PDE1C"	"IGFBP5, TAC3, NXPH2, MAMDC2, ARHGAP28, PDE1C, VAV3, GULP1, PTPRK, GRM8"	0.718182745	5708	2938	7203	
2	2_IN			LHX6-TAC3-PLPP4	TAC3	IN	PuR(0.29) | CaH(0.24) | PuC(0.14) | CaB(0.11) | PuPV(0.07)	"TAC3, PLPP4, GFRA3"	"FNDC1, NDST4, PTPRK"	"FNDC1, PLPP4, NDST4, PTPRK, HS3ST4, ALK, THSD7B, NOS1AP, GPC6, MYRIP"	0.619647355	805	3227	8198	
3	3_IN			LHX6-TAC3-PLPP4	TAC3	IN	CaH(0.47) | CaB(0.15) | PuR(0.13) | CaT(0.06) | NAC(0.06)	"TAC3, PLPP4, GFRA4"	"GFRA2, PLPP4, PTPRK, GRIK3"	"GFRA2, PLPP4, ARHGAP28, PDE1C, PTPRK, GRIK3, ALK, SPOCK1, KCTD16, EML6"	0.322527291	1003	3194	8249	
4	4_IN			LHX6-TAC3-PLPP4	TAC3	IN	NAC(0.7) | PuPV(0.09) | GPe(0.07)	"TAC3, PLPP4, GFRA5"	"POU6F2, SDK2"	"TAC3, CDH22, GFRA2, ARHGAP28, POU6F2, SDK2, PTPRK, GULP1, CDH9, GPC6"	0.295566503	210	2667.5	5489.5	
5	5_IN			SST_Chodl	SST	IN	CaH(0.31) | CaB(0.19) | PuR(0.14) | PuC(0.12) | CaT(0.12) | NAC(0.07)	"NPY, CHODL, SST"	"NOS1, TACR1"	"NPY, SST, NOS1, TRPC7, TACR1, SOX6, TOX, AFF2, NELL1, KCTD8"	0.594167679	1494	3864	12848.5	
6	6_IN			SST_Chodl	SST	IN	CaT(0.22) | NAC(0.21) | CaH(0.16) | PuPV(0.12) | PuR(0.09) | GPe(0.07)	"NPY, CHODL, SST"	"CRHBP, TRPC6"	"CRHBP, CFTR, TRPC6, NPY, SST, COL24A1, NOS1, NDST4, CADPS2, LRP8"	0.570987654	152	3129	9241	
7	7_IN			SST_Chodl	SST	IN	NAC(0.46) | PuPV(0.24) | CaT(0.11) | CaB(0.06)	"NPY, CHODL, SST"	"NR4A3, SST"	"FOS, FOSL2, NR4A3, TIPARP, NPY, SST, PCSK1, SCG2, PDE1A, PTPRT"	0.634629494	491	3006	9152	
8	8_IN			SST_Chodl	SST	IN	NAC(0.32) | CaT(0.19) | PuPV(0.18) | CaB(0.16) | PuC(0.1)	"NPY, CHODL, SST"	"BMP6, SCG2"	"ERRFI1, BMP6, TRPC7, SCG2, POLA1, CLSTN2, TMEM132D, HDAC4, DLGAP2, PAM"	0.457782299	311	3044	10314	
9	9_IN			SST_Chodl	SST	IN	NAC(0.85)	"NPY, CHODL, SST"	"MOXD1, SST"	"MOXD1, NPY, SST, TRPC4, HTR2C, SOX6, ZNF804B, PDE1A, PTPRT, SCN9A"	0.688836105	737	3419.5	8715.5	
10	10_IN			SST_Chodl	SST	IN	NAC(0.89)	"NPY, CHODL, SST"	"QRFPR, NPY, SST, DACH2"	"QRFPR, CHODL, NPY, SST, DACH2, NOS1, SOX6, TOX3, PDE1A, MAN1A1"	0.426356589	246	3363	8853	
12	12_IN			SLC17A7-SATB2	SLC17A7	IN	CaT(0.51) | NAC(0.12) | CaH(0.1) | GPi(0.1) | CaB(0.07)	SATB2	"F13A1, MLIP, TAFA1"	"F13A1, MLIP, SATB2, MYLK, LMO4, TAFA1, CDH12, MEF2C, KCNH1, ATRNL1"	0.519287834	274	3303	10151	
14	14_IN			SLC17A7-SATB2	SLC17A7	IN	CaT(0.51) | PuR(0.34) | GPi(0.12)	SATB2	"MCHR2, MLIP, CADPS2"	"MCHR2, F13A1, MLIP, ADAMTS16, LMO4, CADPS2, SV2B, CDH12, CNTN6, PEX5L"	0.52631579	151	3353.5	11501.5	
16	16_IN			MEIS2	MEIS2	IN	NAC(0.75) | CaT(0.13)		"MLIP, CCBE1, TAFA1"	"MLIP, CCBE1, TLL1, ITGA9, TAFA1, LMO3, KCNH1, KCNH7, ARPP21, KCNMA1"	0.414507772	195	3940	11812	
17	17_IN			SLC17A7-SATB2	SLC17A7	IN	CaT(0.36) | PuR(0.25) | NAC(0.13) | PuC(0.07) | GPi(0.06) | PuPV(0.06)	SATB2	"SATB2, DRD2, PDZRN4, GRIK2"	"SATB2, DRD2, PDZRN4, CLSTN2, GRIK2"	0.240174673	102	3044	7844	
18	18_IN			SST_Chodl	SST	IN	CaB(0.19) | NAC(0.15) | PuC(0.15) | PuR(0.15) | CaH(0.14) | CaT(0.12) | PuPV(0.07)	"NPY, CHODL, SST"	"NPY, SST, TESC"	"NPY, SST, TLL2, NOS1, TACR1, TESC, CCDC88C, TOX, AFF2, SLIT3"	0.114285714	147	3752	11893	
19	19_IN			CHAT	Cholinergic	IN	PuR(0.27) | PuC(0.27) | CaH(0.12) | CaB(0.11) | CaT(0.1)		"TRPC3, CPNE4"	"SLC5A7, LHX8, TRPC3, MEGF10, PDE1C, CPNE4, CLSTN2, INPP4B, PRKCA, GALNT13"	0.933696349	774	5074	23546	
20	20_IN			CHAT	Cholinergic	IN	NAC(0.79) | PuPV(0.11) | GPi(0.06)		"CHAT, SLC7A11, SERPINE2"	"GNRH1, SLC5A7, CHAT, SLC7A11, SERPINE2, TRPC3, CBLB, PTPRS, KHDRBS2, EML5"	0.654205608	316	4103	13591	
21	21_IN			PVALB-COL19A1-ST18	PVALB	IN	CaH(0.29) | CaB(0.22) | PuC(0.18) | PuR(0.18) | CaT(0.07)		"ADAMTS17, EGFR, COL19A1"	"ANO1, TACR3, ADAMTS17, PDE3A, EGFR, COL19A1, NCALD, VWC2, SHISA6, LGI1"	0.575105042	4104	3938.5	12287.5	
22	22_IN			PVALB-COL19A1-ST18	PVALB	IN	CaH(0.51) | CaB(0.26) | NAC(0.07) | PuR(0.07)		"KIT, PDE3A, IL1RAPL2, TIAM2"	"OPN3, KIT, PDE3A, COL19A1, IL1RAPL2, TIAM2, NCALD, VWC2, INSYN2B, CNR1"	0.32680122	1758	3706	11101	
23	23_IN			PVALB-COL19A1-ST18	PVALB	IN	CaH(0.31) | PuR(0.29) | PuC(0.15) | CaB(0.1) | PuPV(0.06)		"CMTM8, SNTG2, DGKG, MYO16"	"CMTM8, PCSK1, SNTG2, DGKG, C8H8orf34, MYO16, ITPR1, EML6, HCN1, PLXNA4"	0.54835924	342	3991	12850	
24	24_IN			PVALB-COL19A1-ST18	PVALB	IN	NAC(0.32) | CaH(0.28) | PuR(0.15) | CaB(0.09) | PuC(0.08)		"FBXL7, PREX2, TOX3, CNR1, PLD5"	"DACH2, FBXL7, PREX2, TOX3, CNR1, PLD5, PRKD1, C8H8orf34, KCNQ5, GRIP1"	0.46310241	528	3584	9974	
25	25_IN			PVALB-COL19A1-ST18	PVALB	IN	NAC(0.82)		"MPPED1, SOX6, NDST4, NXPH1, PIP5K1B"	"MPPED1, SOX6, NDST4, SVEP1, NXPH1, PIP5K1B, L3MBTL4, CA10, CDH13, MYO16"	0.387755102	218	3587	9604.5	
26	26_IN			PVALB-COL19A1-ST18	PVALB	IN	CaT(0.44) | PuC(0.15) | PuPV(0.15) | NAC(0.14)		"ADAMTS17, ZPBP, COL19A1"	"MAF, ADAMTS17, ZPBP, PDE3A, COL19A1, IL1RAPL2, RAB3IP, NXPH1, PCDH15, ANO4"	0.323187415	1160	2732	7738	
27	27_IN			PVALB-COL19A1-ST18	PVALB	IN	CaH(0.34) | CaB(0.15) | PuC(0.12) | PuR(0.12) | NAC(0.1) | PuPV(0.08) | CaT(0.07)		"COL19A1, CPNE8, RASGRF2, STXBP6"	"NR5A2, DKK2, COL19A1, CPNE8, RASGRF2, STXBP6, CNTNAP4, ST6GALNAC5, OLFM3, KIAA1217"	0.583333333	1088	3860.5	12315	
28	28_IN			PVALB-COL19A1-ST18	PVALB	IN	NAC(0.53) | PuPV(0.23) | CaT(0.08)		"FBXL7, IL1RAPL2, NWD2, EPB41L4A"	"FBXL7, IL1RAPL2, NWD2, EPB41L4A, METAP1D, NXPH1, LGI1, PCDH15, CDH4, GPC6"	0.31712963	564	3178	7719	
33	33_IN			SLC17A6	SLC17A6	IN	STH(0.84) | SN-VTA(0.14)		"NR2F2, SLC17A6, FOXP2, ADAMTS19"	"ADCYAP1, NR2F2, SLC17A6, TAFA1, FOXP2, ADAMTS19, CACNA2D1, MCTP1, NOVA1, NRXN3"	0.443661972	422	4802.5	15577.5	
34	34_IN			SLC17A6	SLC17A6	IN	STH(0.5) | SN-VTA(0.42)		"CDH23, EBF3, GRIK1, HS3ST4"	"CDH23, EBF3, SLC17A6, GRIK1, HS3ST4, CACNA2D1, BRINP3"	0.494505495	306	4219.5	14672.5	
35	35_IN			SLC17A6	SLC17A6	IN	NAC(0.56) | STH(0.32) | SN-VTA(0.1)		"PRLR, SLC17A6, ZFHX3"	"PRLR, SLC17A6, CADPS2, RYR1, ZFHX3, CACNA2D1, NRXN3"	0.363903394	1076	4269	12294	
36	36_IN			SLC17A6	SLC17A6	IN	SN-VTA(0.58) | STH(0.24) | NAC(0.09)		"EBF3, SLC17A6, EBF1"	"EBF3, PRLR, SLC17A6, EBF1, SCHIP1"	0.274151436	239	5363	19469	
39	39_IN			SLC17A6	SLC17A6	IN	SN-VTA(0.75) | GPe(0.21)		"EBF2, BCHE, CHST8"	"EBF2, ITGA8, MALRD1, BCHE, NRN1, CHST8, RORB, SLC17A6, CPNE4, GRM8"	0.691823899	67	5393	22130	
40	40_IN			SLC17A7-SATB2	SLC17A7	IN	PuR(0.83) | CaT(0.08)	SATB2	"TMEM155, NR4A2"	"OLFML2B, TMEM155, NTNG2, SATB2, NR4A2, NWD2, RGS12, SIDT1, CPNE4, CDH12"	0.784729586	287	4583	18382	
41	41_IN			CCK-FBXL7	CCK	IN	NAC(0.76)		"FBXL7, CPNE8, GRIK1"	"EYA4, FBXL7, NOS1, CPNE8, FBN2, GRIK1, PIP5K1B, FGF13, PTCHD4, GRIN2A"	0.502408809	457	3215	8048	
42	42_IN			CCK-FBXL7	CCK	IN	PuC(0.2) | CaH(0.2) | CaB(0.18) | PuR(0.11) | PuPV(0.1) | CaT(0.1)		"FBXL7, NTNG1"	"CNIH3, LAMP5, FBXL7, DPY19L2, NTNG1, FGF13, C8H8orf34, PTCHD4, KCNC2, PRKG1"	0.561259411	369	2881	7629	
43	43_IN			SN_STH_GPe-MEIS2-OTX2	MEIS2	IN	SN-VTA(0.31) | GPe(0.23) | STH(0.23) | CaB(0.12)	OTX2	"SPHKAP, ARHGAP24, LDB2"	"OTX2, SPHKAP, ARHGAP24, PCBP3, LDB2, NYAP2, ZEB1, GALNT13, DYNC1I1"	0.035794777	91	3404	9189	
44	44_IN			SN_STH_GPe-MEIS2-OTX2	MEIS2	IN	SN-VTA(0.5) | STH(0.44)	OTX2	B4GALT6	"OTX2, BMPR1B, SPHKAP, KCNH5, B4GALT6, LIN7A, NAALAD2, NYAP2, KCND2, KCNIP4"	0.229057592	136	1613	3530	
45	45_IN			SN_STH_GPe-MEIS2-OTX2	MEIS2	IN	STH(0.45) | SN-VTA(0.33) | GPe(0.08) | NAC(0.07)	OTX2	"OTX2, PRSS12"	"TRAC, OTX2, PRSS12, NR2F2, BMPR1B, SPHKAP, CPNE4, PTPRT, NYAP2, SYN3"	0.299352751	458	3409	9846	
46	46_IN			SN_STH_GPe-MEIS2-OTX2	MEIS2	IN	SN-VTA(0.7) | STH(0.2)	OTX2	"SERPINF1, OTX2, PDLIM5, CYorf15A"	"SERPINF1, OTX2, HS3ST2, PDLIM5, BMPR1B, CYorf15A, WLS, SPHKAP, ARHGAP24, GALNT14"	0.672992057	702	4806	18862	
47	47_IN			SN_STH_GPe-MEIS2-OTX2	MEIS2	IN	SN-VTA(0.83) | STH(0.11)	OTX2	"ROR2, LAMA4, SCML4, GALNT14"	"ROR2, LAMA4, SCML4, ADAMTSL1, GALNT14, NRGN, MCC, ALK, RYR3, NRG1"	0.563380282	85	4599	17247	
48	48_IN			SN_STH_GPe-MEIS2-OTX2	MEIS2	IN	STH(0.59) | SN-VTA(0.2) | GPe(0.13) | CaB(0.06)	OTX2	"OTX2, LTBP1"	"OTX2, LTBP1, NR2F2, BMPR1B, SPHKAP, INSYN2B, ZFPM2, GRIK1, UNC13C, NAALAD2"	0.482991585	1457	3572	10979	
49	49_IN			SN_STH_GPe-MEIS2-OTX2	MEIS2	IN	GPe(0.93)	OTX2	"LTBP1, PCBP3, SIPA1L2, DSCAML1"	"LTBP1, PCBP3, ZFPM2, SIPA1L2, TMEM108, DSCAML1, UNC5C, EFNA5, ZEB1, SGCZ"	0.501138952	183	4101	13890	
50	50_IN			LHX6-SATB1	LHX6	IN	CaT(0.45) | PuR(0.25) | NAC(0.12) | CaH(0.09)		"SATB1, TRPC4, NXPH1"	"MYO5B, SATB1, TRPC4, EYS, NXPH1, TMEM132C, MEF2C, KCNC2, ERBB4, KIAA1217"	0.397196262	176	3048	8160	
51	51_IN			SST-RSPO2	SST	IN	NAC(0.38) | CaT(0.21) | CaB(0.1) | CaH(0.08) | PuPV(0.08) | PuR(0.08)		"RSPO2, SST"	"RSPO2, SST, SATB1, TRHDE, GRIN3A, GRIK1, GRIK3, CDH9, NETO2, KIAA1217"	0.534726491	471	3052	8615	
52	52_IN			LHX6-SATB1	LHX6	IN	NAC(0.55) | CaT(0.16) | PuR(0.12) | PuPV(0.07)		"C1QL1, PLCE1, C6"	"C1QL1, UNC5B, PLCE1, SNTG2, ZNF536, C6, TMEM132C, MEF2C, TRPS1, DPP10"	0.655737705	75	2977	7842	
53	53_IN			SLC17A7-SATB2	SLC17A7	IN	PuR(0.55) | CaT(0.22) | CaH(0.11)	SATB2	"HSF2BP, IL12RB2, TBR1"	"HSF2BP, SLC17A7, IL12RB2, TBR1, SATB2, SYT6, ADAMTS16, TACR3, HS3ST2, SULF1"	0.497835498	123	4122	14821	
54	54_IN			SLC17A7-SATB2	SLC17A7	IN	CaT(0.74) | PuR(0.19) | GPi(0.06)	SATB2	"MLIP, COL24A1, SEMA3E"	"TBR1, MLIP, SEC24D, COL24A1, SEMA3E, SV2B, HS3ST4, CLSTN2, KHDRBS3, GPR155"	0.404984424	157	2793.5	8535	
56	56_IN			SLC17A7-SATB2	SLC17A7	IN	CaT(0.86) | GPi(0.06)	SATB2	"IQCF2, ADAM18, RXFP1"	"IQCF2, ADAM18, SATB2, RXFP1, BMP6, POU6F2, HS3ST4, CDH9, DLC1, KIAA1217"	0.632411067	113	2613	7138	
57	57_IN			CCK-VIP-TAC3	TAC3	IN	NAC(0.23) | CaB(0.22) | CaH(0.19) | CaT(0.14) | PuR(0.09)	VIP	"VIP, CCBE1"	"VIP, IQGAP2, CCBE1, CALB2, VWDE, RGS6, CNTN6, ADARB2, C8H8orf34, SYNPR"	0.691016782	714	2549	6015	
58	58_IN			CCK-VIP-TAC3	TAC3	IN	CaB(0.33) | PuR(0.16) | CaH(0.14) | NAC(0.14) | CaT(0.1) | PuC(0.07) | PuPV(0.07)	VIP	"NPR3, CALB2"	"NPR3, VIP, TGFBR3, ADRA1B, CRH, CALB2, PCP4, SDK1, ADARB2, NPAS3"	0.473933649	99	2462	5811	
59	59_IN			CCK-VIP-TAC3	TAC3	IN	NAC(0.58) | PuR(0.1) | CaH(0.08)		CNR1	"WIF1, CLMP, CXCL14, FREM1, RGS12, CNR1, ADARB2, KCNQ5, GALNTL6, NPAS3"	0.424929179	141	3314.5	9706	
60	60_IN			CCK-VIP-TAC3	TAC3	IN	NAC(0.36) | CaH(0.2) | CaT(0.16) | CaB(0.1) | PuPV(0.06)		"THSD7B, KCNC2"	"CALB2, DACH2, THSD7B, ADARB2, KCNC2, ERBB4, THRB, NETO2, CDH18, GALNT13"	0.532178218	192	2633	6387	
61	61_IN			MEIS2	MEIS2	IN	NAC(0.56) | GPi(0.18) | PuPV(0.13) | CaT(0.06)		"FAT4, MEGF11, GULP1, PTPRT"	"EYA4, NR2F1, FAT4, MEGF11, GULP1, PTPRT, CNTNAP4, TMEM108, NCAM2, NKAIN2"	0.621019108	126	3327	7993.5	
62	62_IN			MEIS2	MEIS2	IN	NAC(0.79) | GPi(0.14)		"CXCL14, ANGPT1, NR2F2, C8H8orf34"	"CXCL14, ANGPT1, NR2F2, FREM1, RELN, C8H8orf34, AK5, PCDH15, CNTN3, SORCS3"	0.447761194	156	4493	13877.5	
63	63_IN			MEIS2	MEIS2	IN	NAC(0.76) | GPi(0.13)		"PTH2R, SCN5A, NPFFR2, CPNE8"	"PTH2R, SCN5A, NPFFR2, CPNE8, ANO3, C8H8orf34, UNC5D, NOVA1, CNTNAP2"	0.204081633	341	3593.5	9290	
64	64_IN			MEIS2	MEIS2	IN	NAC(0.91)		"TRPM8, EYA4, VWC2"	"TRPM8, EYA4, TSHZ2, CPVL, HTR2C, VWC2, CACHD1, KCNH5, ADCY2, CNTN5"	0.551181102	71	3482.5	8887	
65	65_IN			MEIS2	MEIS2	IN	NAC(0.93)		"B3GAT2, ARHGAP24, NRGN, PTPRK, PRKD1"	"B3GAT2, DOCK5, ARHGAP24, NRGN, PTPRK, PRKD1, ADCY2, ADARB2, MEIS2, ADGRL2"	0.575396825	100	3766.5	10337.5	
66	66_IN			MEIS2	MEIS2	IN	NAC(0.94) | GPe(0.06)		"LRP2, PAX6, VWC2L"	"LRP2, SCN5A, PAX6, ZNF423, ZNF804B, VWC2L, PLCL1, CNTN3, THRB, EPHA6"	0.531400966	107	3800.5	10223	
67	67_IN			MEIS2	MEIS2	IN	NAC(0.74) | PuPV(0.09) | GPe(0.07)		"RXFP1, ARHGAP24, NTNG1, PLCL1, ADARB2"	"RXFP1, ARHGAP24, NTNG1, ATP2B4, PLCL1, ADARB2, P3H2, UNC5D, KIAA1217, EPHA5"	0.582278481	191	3700.5	10708.5	
68	68_IN			MEIS2	MEIS2	IN	NAC(0.95)		"ITGA9, HTR2C, CPNE4"	"PLEKHG4B, ITGA9, HTR2C, GABRG1, TMEM65, CPNE4, RELN, ADCY2, PEX5L, PRR16"	0.52238806	97	3877	11108	
70	70_IN			CCK-FBXL7	CCK	IN	CaT(0.24) | NAC(0.23) | PuPV(0.16) | CaB(0.13) | CaH(0.08) | PuC(0.06)		"UNC13C, CDH13"	"CXCL14, FBXL7, PPFIBP1, UNC13C, CDH13, SLC6A1, ADARB2, PID1, GRIN2A, GALNT18"	0.714834743	1527	2776.5	7329	
71	71_IN			CCK-VIP-TAC3	TAC3	IN	NAC(0.76) | CaH(0.13)		"NDNF, QRFPR, IL1RAPL2"	"NDNF, QRFPR, CXCL14, FREM1, IL1RAPL2, CHRNA7, RELN, NXPH1, PLD5, ADARB2"	0.532786885	70	3267.5	8552	
72	72_IN			CCK-FBXL7	CCK	IN	NAC(0.57) | CaH(0.17) | CaB(0.07)		"CHRNA7, RELN"	"NDNF, CXCL14, CHRNA7, TOX3, RELN, ADARB2, RERG, CNTN5, PTPRM, NCAM2"	0.43715847	102	2972	7315	
73	73_IN			CCK-FBXL7	CCK	IN	NAC(0.76) | PuPV(0.07)		"RELN, GRIK1"	"PIEZO2, CXCL14, MPPED1, RELN, GRIK1, SLC6A1, ADARB2, HS3ST5, GRIN2A, PTPRM"	0.622665006	251	2838.5	6820	
74	74_IN			TAC3-LHX8-PLPP4	TAC3	IN	NAC(0.81) | CaH(0.09)		"LHX8, POU6F2, NFIA"	"TACR3, LHX8, SULF1, POU6F2, NFIA, ALK, CDH9, PRR16, BRINP3, EPHA5"	0.419320595	366	2415	4972	
75	75_IN			TAC3-LHX8-PLPP4	TAC3	IN	NAC(0.64) | GPi(0.13) | CaH(0.07) | CaB(0.06)		"MOXD1, GRIK1, NAALAD2, MYRIP"	"MOXD1, HTR2C, GRIK1, LUZP2, NAALAD2, MYRIP, EML6, KIRREL3, PDE4D, ROBO1"	0.323475046	313	3374	8550	
76	76_IN			WDR49-ADAM12	LHX6-LHX8	IN	NAC(0.98)		"WDR49, ADAM12"	"C1QL2, NTS, WDR49, PIEZO2, ADAM12, SHROOM3, NRP2, PARD3B, NAALAD2, NKAIN3"	0.519031142	371	3544.5	9176.5	
77	77_IN			TAC3-LHX8-PLPP4	TAC3	IN	NAC(0.94)		"ABI3BP, MOXD1, ST18"	"ABI3BP, MOXD1, ST18, ADAMTSL1, TRHDE, ALK, SEZ6L, LUZP2, EML6, NRG1"	0.489236791	287	2881	6254	
80	80_IN			SST_Chodl	SST	IN	NAC(0.35) | GPe(0.17) | CaB(0.12) | CaT(0.08) | CaH(0.08) | PuC(0.08) | PuPV(0.08)	"NPY, CHODL, SST"	"NOS1, RNF220, MBP"	"NPY, SST, NOS1, RNF220, TACR1, MBP, KCTD8, HDAC4"	0.586206897	183	3626	9870	
81	81_IN			SLC17A7-SATB2	SLC17A7	IN	CaT(0.3) | PuR(0.17) | GPe(0.13) | NAC(0.1) | SN-VTA(0.08) | GPi(0.08) | STH(0.06)	SATB2	"SATB2, MBP, SV2B"	"SATB2, MBP, SLC1A2, SV2B, CA10, AK5, QKI"	0.220588235	152	3537	10889	
82	82_IN			SLC17A7	SLC17A7	IN	SN-VTA(0.99)		"ADGRD2, PLXDC1, CDH23, COX1"	"ADGRD2, PLXDC1, CBLN4, CDH23, CHST8, COX1, TLL1, SPAG1, TAFA1, CARS1"	0.730088496	86	6026.5	27761	
83	83_IN			SLC17A7	SLC17A7	IN	SN-VTA(0.91) | GPe(0.08)		"SPAG1, TAFA1"	"STPG2, TLL1, SPAG1, NDST4, TAFA1, ZFPM2, HS3ST4, GRM8, KCNJ3, NRG1"	0.434782609	194	2536.5	5562	
84	84_IN			SLC17A7	SLC17A7	IN	GPe(0.97)		"IRX2, ADAMTS12"	"IRX2, ADGRD2, ADAMTS12, MYLK, TLL1, SPAG1, TAFA1, SOX5, HS3ST4, GRM8"	0.661231884	200	5192	20748	
85	85_IN			MEIS2	MEIS2	IN	NAC(0.97)		"PAPPA2, NRP1"	"PAPPA2, DACH2, TSHZ2, NRP1, GLRA3, UNC13C, PTPRT, MEIS2, DACH1, PBX3"	0.407894737	204	3890	10239	
86	86_IN			MEIS2	MEIS2	IN	NAC(0.96)		"ADAMTS20, NRP1"	"ADAMTS20, CALCR, MGAT4C, GFRA1, NRP1, CADPS2, FIGN, SEMA3A, CHRM3, PTPRT"	0.600578871	275	4033	10840	
87	87_IN			MEIS2	MEIS2	IN	NAC(0.82) | GPi(0.09)		"GABRG1, ZFHX3, DPYD"	"GABRG1, TRPC4, GLRA3, PDE1A, ZFHX3, DPYD, TMEM132D, CAMK2D, GABRA2, AHI1"	0.2685422	773	4059	11658	
88	88_IN			MEIS2	MEIS2	IN	NAC(0.96)		"GFRA1, GLRA3, SPON1, ZNF804B"	"LMO4, GFRA1, GLRA3, SPON1, ZNF804B, FIGN, SYT9, DPYD, LRMDA, TENM3"	0.345238095	712	3614	9739	
89	89_IN			MEIS2	MEIS2	IN	NAC(0.95)		"VCAN, EBF1"	"VCAN, BNC2, SEMA3C, EBF1, STK32B, HHAT, MPPED1, ZNF521, HTR4, COL25A1"	0.702576112	473	4388	12862.5	
90	90_IN			MEIS2	MEIS2	IN	NAC(0.37) | GPi(0.22) | GPe(0.17) | PuPV(0.13)		"PTPRK, CDH13, DOCK10, MEIS2"	"SOX6, PTPRK, CDH13, CHRM3, DOCK10, MEIS2, PCDH15, MPPED2, NDST3, ZNF804A"	0.592433976	485	3932	13146	
91	91_IN			MEIS2	MEIS2	IN	NAC(0.66) | GPi(0.25)		"NR2F1, PROX1, STK32B, SOX6"	"CMTM8, NR2F1, PROX1, TSHZ2, STK32B, SOX6, FOXP2, FIGN, C8H8orf34, CACNA2D3"	0.580110497	300	4176	12099	
92	92_IN			MEIS2	MEIS2	IN	GPe(0.45) | GPi(0.32) | NAC(0.12) | PuC(0.09)		"PROX1, CUX2, NXPH1, NELL1"	"PROX1, SOX6, CUX2, NXPH1, NELL1, CHRM3, CLSTN2, MEIS2, MPPED2, NKAIN3"	0.504625736	341	6345.5	33054	
93	93_IN			MEIS2	MEIS2	IN	GPe(0.67) | GPi(0.28) | PuC(0.06)		"TNC, HCRTR2, PTPRK, CLSTN2, KLHL32"	"TNC, HCRTR2, PTPRK, NELL1, CLSTN2, KLHL32, TMEM108, NDST3, EDIL3, GRM7"	0.430769231	89	5919	30440.5	
94	94_IN			MEIS2	MEIS2	IN	GPe(0.65) | GPi(0.28)		"TNC, FOXP2, NXPH1"	"TNC, HCRTR2, PROX1, FOXP2, NXPH1, AFF2, NELL1, CLSTN2, RIT2, ARPP21"	0.479910714	352	3889	14442.5	
95	95_IN			LHX6-LHX8-GBX1	GBX1	IN	NAC(0.97)		"ROR1, MYO3A, TAFA1"	"RFTN1, POU6F2, ROR1, MYO3A, TAFA1, TCERG1L, NCALD, RELN, SIPA1L2, THSD7B"	0.398351648	240	4353	13088.5	
96	96_IN			LHX6-LHX8-GBX1	GBX1	IN	NAC(0.91)		"GBX1, EBF4, TAFA4"	"GPC3, ERG, GBX1, ADAMTS16, EBF4, TAFA4, LYPD6, TSHZ3, STAT4, MAML3"	0.580985916	112	4930	18062.5	
97	97_IN			LHX6-LHX8-GBX1	GBX1	IN	NAC(0.78) | GPe(0.12) | GPi(0.08)		"CRB1, TAFA4, NDST4"	"GADL1, ATP13A4, CRB1, TAFA4, STAC, NDST4, TAFA1, TCERG1L, IGSF21, ALK"	0.686936937	532	4451.5	14519	
98	98_IN			LHX6-LHX8-GBX1	GBX1	IN	NAC(0.81) | GPi(0.09) | GPe(0.06)		"GBX1, TSHZ2, MEGF10"	"MDFIC, GBX1, ASIC4, IDH3B, TSHZ2, MEGF10, ZNF521, GRIK1, HTR4, THSD7B"	0.580708661	184	4463.5	15115	
99	99_IN			SST-ADARB2	SST	IN	NAC(0.99)		"SST, GDA, ADARB2"	"PIEZO2, SST, GDA, TRPC4, NELL1, ADARB2, CNTN3, BRINP3, KLHL29, CNTN5"	0.548317047	481	3736.5	10081.5	
100	100_IN			SST-ADARB2	SST	IN	NAC(0.95)		"NXPH2, EPHA3, PARD3B"	"NXPH2, KCNH8, COL19A1, GLRA3, EPHA3, PARD3B, ADARB2, EPHA6, TCF12, CTNNA2"	0.581395349	247	3757.5	10082	
103	103_IN			NAc-CCK-SEMA3A	CCK	IN	NAC(0.94)		"COL24A1, LEF1, NDST4"	"TBR1, RSPO3, COL24A1, LEF1, NDST4, RELN, SDK1, NHS, GUCY1A2, EXT1"	0.46835443	183	3848	9681.5	
104	104_IN			NAc-CCK-SEMA3A	CCK	IN	NAC(0.89) | GPi(0.09)		"RSPO3, NOS1, NRP1"	"SAMD3, RSPO3, NOS1, NDST4, NRP1, GLRA3, NFIB, RELN, CA10, TEAD1"	0.431137725	403	4095	11472.5	
105	105_IN			SLC17A6	SLC17A6	IN	NAC(0.77) | GPe(0.08)		"RSPO3, PTGDS, MBP, SDK1"	"RSPO3, PTGDS, MBP, IGF1, EPHA3, SDK1, CACNA2D1, ATP13A2, SLC6A15, KCTD8"	0.469798658	81	4209	12283	
106	106_IN			NAc-CCK-SEMA3A	CCK	IN	NAC(0.89) | GPi(0.09)		"SEMA3A, CA10"	"NPTX1, RSPO3, SLC24A4, LYPD6, SEMA3A, CA10, DACH1, KCNJ3, CACNA2D1, GALNTL6"	0.546697039	231	4249	12342	
107	107_IN			NAc-CCK-SEMA3A	CCK	IN	NAC(0.85) | GPi(0.13)		"SEMA3D, TRPC4, NDST4"	"SEMA3D, SAMD3, RSPO3, TRPC4, NDST4, CADPS2, RASGRF2, SEMA3A, CACNA2D1, KCNH7"	0.389447236	246	4119	11671	
108	108_IN			NAc-CCK-SEMA3A	CCK	IN	NAC(0.73) | GPi(0.18)		"RSPO3, PDE1A"	"CALCR, RSPO3, TCF7L2, SDK1, PDE1A, CACNA2D1, FSTL5, GALNT17, CNTNAP5, FRMPD4"	0.683333333	872	3928	10868	
109	109_IN			GP-LHX6	LHX6	IN	NAC(0.86) | GPe(0.12)		"CNIH3, ETV1, MEGF10, DOCK2"	"CNIH3, ETV1, MEGF10, DOCK2, MYO3A, INSYN2B, ZNF521, ADARB2, MAN1A1, MYO16"	0.410821643	430	4103	12107	
110	110_IN			GP-LHX6	LHX6	IN	GPe(0.68) | GPi(0.27)		"TLL1, ETV1, ADARB2"	"TLL1, ETV1, CDH12, ADARB2, ADCY8, MYO16, SORCS1, GRIA4, KIAA1217, ANO4"	0.739033965	1967	4890	21083	
115	115_IN			MEIS2	MEIS2	IN	NAC(0.93) | GPe(0.06)		"SCN5A, ZFHX3, PRKD1"	"SCN5A, HS3ST4, ZFHX3, PRKD1, SEMA6D, GNAS, PLPPR1, GPC6, PRKCB, GRID2"	0.39800995	238	3745	10364	
116	116_IN			MEIS2	MEIS2	IN	NAC(0.83) | CaH(0.1) | CaB(0.06)		"STK32B, TRPC4, ZNF423"	"RHBDL3, STK32B, TRPC4, ZNF423, LAMB1, CADPS2, TRHDE, CPNE4, FGF13, TNR"	0.335195531	123	3852	11384	FILTER
119	119_IN			NAc-LHX8	LHX8	IN	NAC(0.99)		"CALCR, KCNH8, LHX8"	"CALCR, KCNH8, LHX8, HTR7, NRP1, CPNE4, UST, GRIK3, CA10, ADARB2"	0.577689243	587	3703	9633	
120	120_IN			NAc-LHX8	LHX8	IN	NAC(1.0)		"GLI3, LYPD6B, CA10"	"STK32A, GLI3, LHX8, LYPD6B, ARHGAP18, CA10, ZFHX4, ADARB2, ZFHX3, MAST4"	0.598802395	217	3668	9370	
121	121_IN			NAc-LHX8	LHX8	IN	NAC(1.0)		"SCGN, RORB"	"SCGN, SYT10, LHX8, GLI3, RORB, MYO3A, NELL1, SAMD4A, PRKG1, CTNNA2"	0.682730924	457	3186	7562.5	
124	124_IN			CHAT	Cholinergic	IN	NAC(0.85) | GPe(0.06) | GPi(0.06)		"VIPR2, NGFR"	"VIPR2, GNAT3, NGFR, CD36, NABP1, CHAT, SLC5A7, ANXA2, ATP8B4, PRIMA1"	0.618942731	594	5711.5	24262.5	
125	125_IN			CHAT	Cholinergic	IN	NAC(0.95)		"NABP1, CHAT, CMTM8"	"NTRK1, ECEL1, NABP1, CHAT, SLC5A7, CMTM8, LDLRAD3, PTN, LYPD6B, NCALD"	0.482562855	421	5212	20184	
126	126_IN			CHAT	Cholinergic	IN	GPi(0.7) | NAC(0.19) | GPe(0.08)		"INSRR, CARTPT, NTRK1, NGFR"	"INSRR, DAPL1, CARTPT, NTRK1, NGFR, CD36, CA8, QRFPR, CCDC192, CYP39A1"	0.491803279	106	7738	56781	
127	127_IN			CHAT	Cholinergic	IN	PuPV(0.35) | NAC(0.35) | GPi(0.25)		"LHX8, SEMA3E, SDK1"	"GNAT3, CD36, SLC5A7, LHX8, SEMA3E, SDK1, COL25A1, ST6GALNAC3, KCNC2, HDAC9"	0.420081967	156	3972	14626.5	
128	128_IN			LHX6-LHX8-GBX1	GBX1	IN	NAC(0.95)		"GALR1, COL25A1, TRPM3, TCF4"	"GALR1, GADL1, CUX2, COL25A1, TRPM3, TCF4, ADCY2, MAGI3, SEMA6D, SRRM4"	0.604166667	104	4231	12981.5	
129	129_IN			LHX6-LHX8-GBX1	GBX1	IN	NAC(0.76) | PuPV(0.11) | GPi(0.06)		"FN1, PDE3A, MEGF10, MITF, MEGF11"	"FN1, ETV1, PDE3A, MEGF10, MITF, MEGF11, HTR4, GRIK3, SLIT3, SORCS3"	0.460992908	166	4554	15149.5	
130	130_IN			LHX6-LHX8-GBX1	GBX1	IN	GPi(0.41) | NAC(0.29) | GPe(0.23)		"SEMA3C, GDA, EPS8, CPNE4, TMEM178A"	"SEMA3C, GDA, EPS8, CPNE4, TMEM178A, ARHGAP18, CCDC178, CLSTN2, SORCS3, RYR3"	0.611192931	183	5371	20859	
131	131_IN			LHX6-LHX8-GBX1	GBX1	IN	GPe(0.43) | GPi(0.3) | NAC(0.18) | PuC(0.07)		"MBP, CDH12, ADARB2"	"MBP, CDH12, ADARB2, ANK1, MYO16, ANO3, HS6ST3, FAR2"	0.049940547	125	3410	9774	
132	132_IN			LHX6-LHX8-GBX1	GBX1	IN	NAC(0.92)		"ADAMTS12, GBX1, SATB1"	"PDE5A, ADAMTS12, GBX1, SATB1, SOX6, PRUNE2, SRRM4, HS6ST3, FSTL5, GABRG3"	0.543345543	391	5033	18441	
133	133_IN			LHX6-LHX8-GBX1	GBX1	IN	GPi(0.47) | PuPV(0.24) | NAC(0.18)		"INSYN2A, CPNE8, SEMA3E"	"FN1, INSYN2A, CPNE8, SEMA3E, FREM1, FBN2, STXBP6, CDH18, TMEFF2, HS6ST3"	0.603864734	190	4609	16547.5	
134	134_IN			LHX6-LHX8-GBX1	GBX1	IN	NAC(0.95)		"STAC, MEIS1, BCL11A"	"GADL1, STAC, MEIS1, BCL11A, SASH1, KLHL29, ZNF804A, FSTL5, GALNTL6, PTPRS"	0.47706422	482	4643.5	16486.5	
135	135_IN			LHX6-LHX8-GBX1	GBX1	IN	NAC(0.92)		"TLL1, PDE3A, MEGF10"	"ELFN1, GBX1, TLL1, PDE3A, MEGF10, WLS, MEGF11, PLD5, BCL11A, SORCS3"	0.441767068	234	4693	16631	
136	136_IN			LHX6-LHX8-GBX1	GBX1	IN	NAC(0.39) | GPe(0.38) | GPi(0.15) | PuC(0.06)		"NMU, MEGF10, ADARB2"	"NMU, TNC, MEGF10, CCDC178, ADARB2, ASXL3, CNTN3, CCDC85A, SORCS1, TMEM132C"	0.742649866	915	4639.5	16714.5	
158	158_IN			MEIS2	MEIS2	IN	NAC(0.96)		"PAX6, SGCD, FSTL4"	"RCN1, PAX6, STAC, SGCD, FSTL4, MEIS2, PTPRT, CNTN3, MPPED2, SNTG1"	0.403846154	168	3785.5	10043	
159	159_IN			MEIS2	MEIS2	IN	NAC(0.96)		"CDH23, FBN2"	"LGR5, MYBPC1, PAX6, CDH23, FBN2, MEIS3, RELN, ATP2B4, KCNB2, PDE4D"	0.59347181	157	4116	11385	
160	160_IN			MEIS2	MEIS2	IN	NAC(0.68) | GPi(0.22)		"ZNF319, GLRA3, CADPS2, KCNH7"	"CLIC5, ZNF319, GLRA3, CADPS2, ANO3, KCNH7, DAB1, CASK, NRXN3"	0.238095238	120	4292	12939.5	
161	161_IN			MEIS2	MEIS2	IN	NAC(0.94)		"LHX2, SGCD, CDH12"	"COL8A1, LHX2, MEIS1, SGCD, CDH12, HS3ST4, KCNAB1, ARPP21, DMD"	0.360696517	254	4166	11907.5	
162	162_IN			MEIS2	MEIS2	IN	NAC(1.0)		"SCN5A, CLMN, SLC17A6"	"SCN5A, CLMN, KCNH8, CHST8, MEIS1, SLC17A6, NWD2, GLRA3, TAFA1, NCALD"	0.538656527	245	4028	11143	
163	163_IN			MEIS2	MEIS2	IN	NAC(0.99)		"RUNX1, CRH, MEIS1"	"CCDC102B, RUNX1, CRH, LHX2, CNIH3, MEIS1, NWD2, HS3ST4, ASIC2, LUZP2"	0.732984293	79	4262	11878	
164	164_IN			SN_STH	SN-STH	IN	STH(0.85) | SN-VTA(0.08)		"ANKRD62, ONECUT1, CDH23"	"ANKRD62, ONECUT1, CDH23, LVRN, PMFBP1, POU6F2, SLC35F4, PHACTR2, PATJ, NTM"	0.576923077	306	5164	18295	
165	165_IN			SN_STH	SN-STH	IN	STH(0.96)		"RNF220, POU6F2, CADPS2, GRIK1"	"KCNS3, ONECUT1, RNF220, POU6F2, CADPS2, GRIK1, BMPER, THSD7B, MEIS2, PRKD1"	0.674373796	466	5345	19420	
166	166_IN			SN_STH	SN-STH	IN	STH(0.9) | SN-VTA(0.07)		"ST8SIA4, SLC35F4, PCSK1N, ZFHX4"	"ST8SIA4, SLC35F4, GRM8, PCSK1N, ZFHX4, ADGRL2, NOVA1, CEP112"	0.296636086	775	4855	15936	
167	167_IN			SN_STH	SN-STH	IN	STH(0.94) | SN-VTA(0.06)		"LRRC38, PAX6, LPAR1, NRP1, SMOC2"	"LRRC38, KCNS3, PAX6, LPAR1, NRP1, SMOC2, CDH12, ELAVL4, PCDH15, HDAC9"	0.58681672	210	5721	22577.5	
168	168_IN			SN_STH	SN-STH	IN	STH(0.86) | SN-VTA(0.12)		"ONECUT1, PAX6, PMFBP1"	"RCN1, ONECUT1, PAX6, SLC5A8, CDH23, PMFBP1, POU6F2, HTR2C, ADAMTS19, SLC35F3"	0.616438356	172	4474.5	13374.5	
169	169_IN			SN_STH	SN-STH	IN	STH(0.94)		"PLXDC1, PAX6, GLIS3, POU6F2"	"PLXDC1, LAMA4, PAX6, CDH23, GLIS3, POU6F2, NRP1, ZNF521, DACH1, CNTN5"	0.547945206	120	5094.5	17354	
170	170_IN			SN_STH	SN-STH	IN	STH(0.96)		"PAX6, POU6F2, NDST4, TAFA1"	"PAPPA2, RCN1, PAX6, POU6F2, NDST4, TAFA1, SLC35F4, DACH1, PRR16, HS6ST3"	0.730519481	116	4771	15546.5	
171	171_IN			LHX6_SST	LHX6	IN	NAC(0.49) | GPi(0.45)		"TRPC4, EPHA3, NFIB, AFF2, PTPRT"	"MYO5B, TRPC4, EPHA3, NFIB, AFF2, PTPRT, LUZP2, GNAS, SLC24A3, EDIL3"	0.596707819	103	4952.5	16665	
172	172_IN			GABA_PVALB	PVALB	IN	GPi(0.74) | GPe(0.26)		"PRKCQ, ANKRD30A, NELL1"	"ASAH2, ONECUT1, TAFA4, PRKCQ, ANKRD30A, NELL1, KCNC2, GRM1, THSD7A, EFNA5"	0.546799614	989	4144	15959	
173	173_IN			GABA_PVALB	PVALB	IN	GPi(0.89) | GPe(0.11)		"ONECUT1, TLL1, BICC1, ST8SIA5"	"PTGER3, ONECUT1, TAFA4, TLL1, BICC1, ST8SIA5, PDGFC, NELL1, KCNC2, GRM1"	0.390898483	237	7327	50029	
174	174_IN			GABA_PVALB	PVALB	IN	GPi(0.94)		"MET, ALDH1L1, ONECUT1, LHX1, PVALB"	"SEC16B, MET, ALDH1L1, ONECUT1, LHX1, PVALB, HS3ST1, EBF1, PCSK5, SOX5"	0.396249244	409	7613	56131	
175	175_IN			GABA_PVALB	PVALB	IN	GPi(0.71) | GPe(0.25)		"ABCA9, PCSK5, ANKRD30A, NELL1, KCNC2"	"ABCA9, PCSK5, ANKRD30A, NELL1, KCNC2, PACSIN1, BMS1, CNTNAP5, PCLO"	0.080468178	79	3566	10854	
176	176_IN			GABA_PVALB	PVALB	IN	GPi(0.9) | GPe(0.08)		"WDR72, PTGER3, ONECUT1, SEMA3C, HCRTR2"	"WDR72, PTGER3, ONECUT1, SEMA3C, HCRTR2, PDGFC, LUZP2, ASXL3, PCDH17, THSD7A"	0.427046263	226	6538.5	33305	
177	177_IN			GABA_PVALB	PVALB	IN	GPi(0.99)		"MLIP, LHX1, PRKCQ, HCRTR2, SPARCL1"	"MLIP, ONECUT1, LHX1, PRKCQ, HCRTR2, SPARCL1, PCSK5, PDGFC, SEMA5A, UNC13C"	0.591647332	551	7919	63447	
178	178_IN			Gluta_PVALB-CDH23	PVALB	IN	STH(0.95)		"NDNF, CDH23"	"NDNF, NTNG2, LMX1A, GRB14, SYT10, CDH23, LHFPL6, SEMA3E, RGS6, SEMA3A"	0.817288488	3601	5787	26433	
179	179_IN			Gluta_PVALB-CDH23	PVALB	IN	STH(0.84) | SN-VTA(0.15)		"NDNF, LMX1A, SYT10, TTN"	"NDNF, LMX1A, SYT10, TTN, MITF, CACNA2D1, TBC1D4, RSU1, SORCS3, LHFPL3"	0.070621469	132	2550.5	5861	
180	180_IN			Gluta_PVALB-CDH23	PVALB	IN	SN-VTA(0.94) | STH(0.06)		"NTNG2, ND4, ND1, ATP6, SLC1A3, COX2"	"NTNG2, ND4, ND1, ATP6, SLC1A3, COX2, COX1, CCBE1, NEFM, MBP"	0.477941177	288	7119	42305	
181	181_IN			GABA_Gluta_PVALB-Meis2	PVALB	IN	GPi(0.57) | GPe(0.42)		"TBR1, VCAN, PAX6"	"CPA6, ADAMTS18, TBR1, HUNK, VCAN, PAX6, MEIS1, TRPC3, SLC17A6, FBN2"	0.394736842	188	4389.5	15971	
182	182_IN			GABA_Gluta_PVALB-Meis2	PVALB	IN	GPi(0.93) | GPe(0.07)		"SCARA3, TBR1, NPTX2"	"SCARA3, OTOS, ADAMTS18, TBR1, NPTX2, HUNK, SPSB4, LHX2, PAX6, NOS1"	0.738255034	202	7465.5	44735.5	
188	188_IN			Gluta_PVALB-SLC17A6-CLMN	PVALB-SLC17A6	IN	SN-VTA(0.99)		"CLDN10, CR1, RNF220"	"COL27A1, CLDN10, CR1, ADAM12, CCBE1, RNF220, WLS, TCERG1L, ITPR2, DNAH9"	0.87909255	1007	6195	31425	
189	189_IN			SN_STH	SN-STH	IN	STH(0.86) | SN-VTA(0.13)		"TSPAN6, POU6F2, ZFHX4"	"TSPAN6, POU6F2, FREM1, SLC35F4, THSD7B, ZFHX4, ZFHX3, ADGRL2, GPC5, KHDRBS2"	0.461254613	238	4632	14783	
190	190_IN			SN_STH	SN-STH	IN	STH(1.0)		"IL1R1, ANKRD62, COL12A1"	"UGT3A1, IL1R1, F13A1, ANKRD62, PRSS45P, COL12A1, POU6F2, PDZRN3, GPR149, SV2C"	0.670289855	232	6065	27182	
191	191_IN			SN_STH	SN-STH	IN	SN-VTA(0.87) | GPe(0.06)		"PAX8, GLRA1, HTR2C"	"PAX8, PAX5, GLRA1, POU6F2, HTR2C"	0.309546314	568	6032	26185	
192	192_IN			SN_STH	SN-STH	IN	STH(0.6) | SN-VTA(0.38)		"GATA3, TCF7L2, ZFPM2, KHDRBS2"	"GATA3, TCF7L2, TOX3, ZFPM2, ADAMTS19, KHDRBS2, KIRREL3, GRID2, DOK6, KCNIP4"	0.545454546	216	5414	20420.5	
193	193_IN			SN_STH	SN-STH	IN	SN-VTA(0.48) | STH(0.43) | GPe(0.07)		"OTX2, GATA3, NFIB"	"OTX2, LMO1, GATA3, EBF3, NFIB, EPHA3, ZFPM2, PTPRM, GRM7"	0.58411215	392	5829.5	24803.5	
194	194_IN			SN_STH	SN-STH	IN	STH(0.79) | SN-VTA(0.18)		"ONECUT1, CDH12, UNC13C, NELL1"	"LGR5, ONECUT1, TCF7L2, CDH12, UNC13C, NELL1, VSNL1, RBMS1, CDH8, EFNA5"	0.475113122	133	4399	13292	
195	195_IN			SN_STH	SN-STH	IN	STH(0.75) | SN-VTA(0.23)		"NDNF, ANGPT1, RXFP1, KCNK2"	"NDNF, ANGPT1, RXFP1, SEMA6A, ZFPM2, KCNK2, ELAVL2, BRINP3, PTPRD, NOVA1"	0.621572212	275	5023	17683	
196	196_IN			SN_STH-PAX8	PAX8	IN	SN-VTA(0.45) | STH(0.33) | GPe(0.21)		"PAX8, COL24A1"	"STC1, PAX8, PAX5, EN1, SPSB4, COL24A1, POU6F2, GFRA1, NDST4, ZFPM2"	0.6	99	6687	35229	
197	197_IN			SN_STH-PAX8	PAX8	IN	SN-VTA(0.62) | STH(0.29) | GPe(0.09)		"MCHR2, PAX5"	"COLEC12, PAX8, MCHR2, PAX5, CHST8, POU6F2, GFRA1, ZFPM2, KCNIP1, CCDC85A"	0.806805708	283	6636	32389.5	
198	198_IN			SN_STH-GATA3	GATA3	IN	SN-VTA(0.99)		"GATA3, TLL1"	"IRX5, GATA3, MYO5B, TLL1, GLIS3, HTR2C, SEMA5A, TOX2, C8H8orf34, SORCS1"	0.644171779	71	6878	41362	
199	199_IN			Gluta_PVALB-SLC17A6-CLMN	PVALB-SLC17A6	IN	CaB(0.82) | STH(0.16)		"EGFL6, NTS, CHRNA2"	"CASQ2, EGFL6, IGDCC3, NTS, CHRNA2, RGS16, COL4A4, TAFA4, MEGF10, SV2B"	0.798816568	110	6550.5	35141.5	
200	200_IN			Gluta_PVALB-SLC17A6-CLMN	PVALB-SLC17A6	IN	STH(0.95)		"FRMPD2, COL4A4, CNKSR3, GLDC"	"FRMPD2, EGFLAM, COL4A4, CNKSR3, GLDC, PDGFD, CCBE1, PRKG2, PPFIBP1, NTNG1"	0.727069351	469	5546	24373	
201	201_IN			TH	Dopimanergic	IN	SN-VTA(0.59) | STH(0.39)		"CALCR, LMX1A, EBF3"	"EAF2, CALCR, LMX1A, SLC15A2, NPNT, EBF3, CDH23, PDLIM5, CADPS2, ZDHHC2"	0.568965517	228	6013.5	29606.5	
202	202_IN			TH	Dopimanergic	IN	SN-VTA(0.53) | STH(0.47)		"EBF2, EBF3, NTNG1"	"EBF2, LMX1A, EBF3, PRLR, EBF1, NTNG1, HFM1, KLHL1, PBX3, KCNH7"	0.676691729	118	4647	17095.5	
203	203_IN			TH	Dopimanergic	IN	SN-VTA(0.84) | STH(0.11)		"ADAMTS20, CALCR, SLC18A2, KCTD9"	"ADAMTS20, CALCR, SLC18A2, CCDC192, SERPINE2, KCTD9, CADPS2, SATB1, LGI1, PRKG1"	0.284090909	44	3762	15430.5	
204	204_IN			TH	Dopimanergic	IN	SN-VTA(0.9) | STH(0.1)		"CALCR, TRPC6, LMX1A, TACR3"	"CALCR, TRPC6, LMX1A, BDNF, TACR3, SLC6A3, COBLL1, TMCC3, CADPS2, DOK5"	0.622605364	154	6919	43139.5	
205	205_IN			TH	Dopimanergic	IN	STH(0.52) | SN-VTA(0.48)		"CADPS2, IGF1, ADGRV1"	"TPO, TH, EBF3, CADPS2, IGF1, ADGRV1, KLHL1, KCNJ6, KIF26B, SLC44A5"	0.685950413	903	6727	42857	
206	206_IN			TH	Dopimanergic	IN	SN-VTA(0.92)		"GFRA2, COBLL1, CADPS2, ADGRV1"	"EN2, TH, GFRA2, COBLL1, CADPS2, ADGRV1, SMOC2, RGS6, DOCK11, LCORL"	0.658995816	194	7331.5	50831	
207	207_IN			TH	Dopimanergic	IN	SN-VTA(1.0)		"ATP8B1, DLK1, TH, ALDH1A1"	"COL6A6, ATP8B1, DLK1, TH, SLC6A3, ALDH1A1, EBF1, CDH13, MAML3, MCTP1"	0.542328042	98	6590	39698	
208	208_IN			TH	Dopimanergic	IN	SN-VTA(0.76) | STH(0.24)		"SLC18A2, ALDH1A1, CCBE1, NTN1"	"CHRNB3, RSPO2, SLC18A2, ALDH1A1, CCBE1, NTN1, MCC, LMO3, KCNJ6, CLSTN2"	0.664879357	1628	6835	45867	
209	209_IN			TH	Dopimanergic	IN	SN-VTA(0.9) | STH(0.07)		"F5, SLC18A2, ALDH1A1, PTPN13, PLEKHH2"	"F5, SLC6A3, SLC18A2, ALDH1A1, PTPN13, PLEKHH2, ABCA6, MCC, LMO3, KCNJ6"	0.149773598	231	4160.5	17501.5	
210	210_IN			TH	Dopimanergic	IN	GPe(0.96)		"EN1, HNMT, ARHGAP24, ATP10D"	"RAB34, EN1, CHRNB3, HNMT, ARHGAP24, ATP10D, ANKRD30A, ANK1, KCNJ6, ZNF43"	0.615462869	271	6416	40173	
211	211_IN			TH	Dopimanergic	IN	SN-VTA(0.97)		"SLC38A11, VWA5B1, ANTXR2, LMX1A"	"SLC38A11, VWA5B1, ANTXR2, LMX1A, TH, DDC, EBF3, COBLL1, PDE3A, EBF1"	0.62992126	63	5877	27062	
212	212_IN			TH	Dopimanergic	IN	SN-VTA(0.8) | STH(0.19)		"FAM83B, SLC18A2, TMCC3"	"FAM83B, MALRD1, RET, TH, SLC18A2, TMCC3, HHAT, RELN, KCNH5, ARHGAP6"	0.837988827	59	7110	50158	
213	213_IN			GABA_PVALB-GATA3	PVALB	IN	STH(0.71) | SN-VTA(0.21) | GPe(0.08)		"ASAH2, GATA3, COBLL1"	"ASAH2, KLHL14, ASIC4, PVALB, GATA3, COBLL1, CCBE1, CPNE8, SPON1, FIGN"	0.848350901	885	6392	30981	
214	214_IN			SLC17A6	SLC17A6	IN	STH(0.49) | SN-VTA(0.45)		"PLSCR4, SHOX2, ADCYAP1"	"PLSCR4, LHX9, SHOX2, LHX2, CBLN2, ADCYAP1, TCF7L2, NDST4, CADPS2, NECTIN3"	0.558798999	487	5527.5	21895.5	
215	215_IN			SLC17A6	SLC17A6	IN	SN-VTA(0.42) | STH(0.4) | GPe(0.17)		"SHOX2, SLC17A6, ZFPM2, GAS2"	"SHOX2, LHX2, TCF7L2, SLC17A6, ZFPM2, GAS2, DACH1, CDH9, TMEFF2, RSRC1"	0.4	301	5168.5	19062.5	
216	216_IN			SLC17A6	SLC17A6	IN	STH(0.56) | SN-VTA(0.42)		"SHOX2, TCF7L2, EBF1, FIGN"	"LAMA4, SHOX2, TCF7L2, EBF1, FIGN, CDYL2, CDH13, CDH7, RUNX2, RSRC1"	0.552995392	105	5621	22548	
217	217_IN			SLC17A6	SLC17A6	IN	STH(0.72) | SN-VTA(0.16) | GPe(0.12)		"LHX2, CBLN4, CORIN"	"DKK2, LHX9, LHX2, CBLN4, ARHGAP29, CORIN, RNF220, TSHZ2, EPB41L4A, ITPR2"	0.540540541	245	5629	23868.5	
218	218_IN			SLC17A6	SLC17A6	IN	STH(0.7) | SN-VTA(0.24) | GPe(0.06)		"LHX2, SHOX2, SLC7A11, ANOS1"	"LHX9, LHX2, SHOX2, CBLN2, SLC7A11, ANOS1, TCF7L2, RNF220, NEK7, MAST4"	0.529490617	334	5579.5	21491.5	
219	219_IN			SLC17A6	SLC17A6	IN	SN-VTA(0.78) | STH(0.17)		"CCK, CALB2, RORB"	"CCK, ADCYAP1, CBLN2, ADAMTSL1, CALB2, RORB, TCF7L2, RNF220, NTNG1, SCG2"	0.528128588	446	5930.5	27041	
220	220_IN			SLC17A6	SLC17A6	IN	STH(0.55) | SN-VTA(0.44)		"COL18A1, ADCYAP1, CHST9, NEK7"	"LHX9, COL18A1, ADCYAP1, LHX2, CHST9, NEK7, FRMD3, PRKD1, GPC5, KCNB2"	0.652173913	153	5986	27727	
221	221_IN			SLC17A6	SLC17A6	IN	SN-VTA(0.51) | STH(0.29) | GPe(0.21)		"WIF1, ADCYAP1"	"CALCB, IGFBP5, WIF1, ADCYAP1, ADAMTSL1, CALB2, NTNG1, CA10, FGF13, MED12L"	0.680507497	267	5873	25161	
222	222_IN			SLC17A6	SLC17A6	IN	GPe(0.97)		"CRH, LYPD1, TAFA1"	"CRH, ADAM12, LYPD1, PTPN3, TAFA1, NTNG1, STXBP6, CA10, SORCS2, TENM3"	0.398230089	101	4639	17231	
223	223_IN			SLC17A6	SLC17A6	IN	SN-VTA(1.0)		"AKR1C1, RIN2, STK32B, TRPC7, ROR1"	"AKR1C1, TEX15, RIN2, STK32B, TRPC7, ROR1, NTNG1, CPNE4, STXBP6, SLC24A3"	0.56097561	101	6534	36847	
227	227_IN			SN_STH-GATA3	GATA3	IN	STH(0.54) | SN-VTA(0.34) | GPe(0.12)		"GPC3, PLEKHH2, CACHD1"	"GPC3, GATA3, ADAMTSL1, PLEKHH2, SDC2, CACHD1, ADAMTS19, ADAMTS6, CNTN3, DOK6"	0.507614213	101	4745	16507	
228	228_IN			SN_STH-GATA3	GATA3	IN	STH(0.75) | SN-VTA(0.24)		"PTGER3, TCF7L2, GFRA1, TRPC4"	"FREM2, PTGER3, TCF7L2, GFRA1, TRPC4, MPPED1, SPON1, HTR4, FOXP1, TRPM3"	0.635103926	205	5715.5	23495.5	
229	229_IN			SN_STH-GATA3	GATA3	IN	STH(0.74) | SN-VTA(0.24)		"VGLL3, GPC3"	"VGLL3, COL8A1, GPC3, QRFPR, IL12RB2, GATA3, SST, TCF7L2, PLEKHH2, LMO4"	0.676470588	66	5893.5	26213	
230	230_IN			SN_STH-GATA3	GATA3	IN	STH(0.57) | SN-VTA(0.29) | GPe(0.14)		"NABP1, LHX1, CDH6, UNC5D"	"NABP1, LHX1, CDH6, HTR2C, TOX2, UNC5D, GRID2, PRSS55, BEND5, NEGR1"	0.695364238	114	6474	29987	
231	231_IN			Gluta_PVALB-SLC17A6-CLMN	PVALB-SLC17A6	IN	GPe(1.0)		"CHRNA2, CRH, PDE3A"	"CDKN2B, CHRNA2, COL4A4, CRH, CLMN, PDE3A, NTNG1, TAFA1, HPSE2, ADARB1"	0.652892562	619	4691	17961	
232	232_IN			Gluta_PVALB-SLC17A6-CLMN	PVALB-SLC17A6	IN	GPe(1.0)		"LEF1, GLRA3, TAFA1, TRHDE"	"ADAM12, LEF1, GLRA3, NTNG1, TAFA1, TRHDE, PHACTR2, KCNC2, GRM7, KCND2"	0.705190989	646	4692.5	18615.5	
238	238_IN			SN_STH-PAX8	PAX8	IN	SN-VTA(0.62) | STH(0.21) | GPe(0.17)		"PAX8, ADRA1B, MDGA1"	"PAX8, PAX5, GPC3, GADL1, ADRA1B, MDGA1, POU6F2, CPNE4, ZFPM2, NFIA"	0.819672131	313	6332	31744	
1	1_NN			Oligos	Oligos	NN	CaB(0.2) | CaH(0.2) | STH(0.16) | PuR(0.15) | NAC(0.12) | SN-VTA(0.07)		"OPALIN, PRUNE2"	"OPALIN, FOLH1, QDPR, PRUNE2, EDIL3, PDE4B, CTNNA3, FRYL, ERBB4, PALM2AKAP2"	0.577758142	7982	1382	2842	
2	2_NN			Oligos	Oligos	NN	CaB(0.29) | STH(0.23) | CaH(0.2) | PuR(0.09) | NAC(0.09) | SN-VTA(0.07)		"PLP1, KANK1, FRY"	"OPALIN, PLP1, KANK1, PARD3B, FRYL, FRY, SIK3, PPP2R2B, ANK3, CNTN1"	0.318646735	838	1326	2802	
3	3_NN			Astrocytes	Astrocytes	NN	PuR(0.29) | PuC(0.26) | NAC(0.18) | CaH(0.11)		"APOE, SLC1A3, SLC1A2"	"APOC1, MFGE8, APOE, SLC1A3, SLC1A2, PREX2, ADGRV1, CLU, EPHB1, MSI2"	0.826539855	4064	1559	2907	
4	4_NN			Astrocytes	Astrocytes	NN	NAC(0.78) | GPe(0.07) | GPi(0.06)		"PDGFRB, MFGE8, SLC6A11"	"TMEM100, PDGFRB, MFGE8, APOE, TNC, SLC6A11, PTCH1, ADGRV1, TRPM3, MSI2"	0.378369601	1055	1488	2563	
5	5_NN			Astrocytes	Astrocytes	NN	PuC(0.42) | CaT(0.28) | PuPV(0.17)		"ATP13A4, SLC1A2, PREX2"	"APOE, SLC1A3, ATP13A4, PTGDS, SLC1A2, PREX2, ADGRV1, CLU, LUZP2, GRM3"	0.368412148	1669	1214	2451	
6	6_NN			Microglia	Microglia	NN	STH(0.2) | GPi(0.16) | GPe(0.15) | NAC(0.1) | CaH(0.07) | PuR(0.07) | SN-VTA(0.06) | PuPV(0.06) | CaB(0.06) | PuC(0.06)		"PZP, IFI16"	"C3, PZP, WDFY4, PLA2G4A, IFI16, LCP2, ARHGAP15, FAM149A, INPP5D, BNC2"	0.961577322	14942	1426	2598	
7	7_NN			Oligos	Oligos	NN	STH(0.29) | GPi(0.22) | GPe(0.22) | CaB(0.1)		"ANLN, TMEM178A, ADAMTS19"	"ANLN, SEMA3E, MTUS1, TMEM178A, ADAMTS19, SERPINI1, THSD7A, DPYSL5, MAN2A1, CTNNA3"	0.267680106	1935	1811	3843	
8	8_NN			Oligos	Oligos	NN	GPi(0.3) | SN-VTA(0.21) | STH(0.2) | GPe(0.13) | CaB(0.07)		"BACE2, GSN, RORB"	"BACE2, GSN, RORB, C2CD2, PCSK6, THSD7B, HS3ST5, BCAT1, THSD7A, FMN1"	0.562705187	2667	2584	6758	
9	9_NN			Oligos_Pre	Oligos_Pre	NN	STH(0.37) | NAC(0.24) | CaH(0.15) | PuR(0.09) | CaB(0.08)		"VCAN, PTPRZ1"	"APOD, STK32A, COL9A1, VCAN, PTPRZ1, SEMA5A, MEGF11, PCDH15, EPN2, TNR"	0.871614163	3337	1567.5	3045.5	
10	10_NN			Astrocytes	Astrocytes	NN	GPi(0.29) | GPe(0.23) | CaT(0.13) | NAC(0.08) | STH(0.07)		"AQP4, VCAN"	"CD99, ITGB4, WDR49, GFAP, AQP4, VCAN, RNF19A, SLC38A1, DCLK2, CACNA2D3"	0.596084004	1849	1401	2479	
11	11_NN			Endothelial	Endothelial	NN	NAC(0.27) | GPi(0.15) | GPe(0.12) | CaT(0.09) | CaB(0.08) | PuR(0.08) | PuPV(0.07) | PuC(0.06) | STH(0.06)		"ADGRL4, PLA2G4A"	"IL1R1, ADGRG6, ADGRL4, SLC19A3, COL8A1, PLA2G4A, DTX4, C6, TBC1D4, CLVS2"	0.670050761	217	1331	2379	
12	12_NN			Endothelial	Endothelial	NN	NAC(0.2) | GPi(0.2) | GPe(0.13) | CaT(0.09) | PuR(0.08) | PuC(0.08) | STH(0.06) | PuPV(0.06)		"SULT1C4, CLDN5"	"SULT1C4, SLC7A5, RNASE1, NOSTRIN, SLC38A5, CLDN5, FLT1, EMCN, EPAS1, ADGRL4"	0.730290456	453	1141	1860	
13	13_NN			Endothelial	Endothelial	NN	GPe(0.28) | NAC(0.26) | PuR(0.12) | PuC(0.08) | GPi(0.07) | PuPV(0.06)		"FBLN5, MECOM"	"FBLN5, TM4SF1, SMAD6, MECOM, DKK2, PECAM1, VEGFC, ANXA3, ITGA9, PCSK5"	0.810055866	63	1194	2051.5	
14	14_NN			Astrocytes	Astrocytes	NN	GPi(0.43) | GPe(0.22) | NAC(0.11) | STH(0.07)		"CHI3L1, CLIC4"	"CHI3L1, SERPINA3, MT2A, GFAP, CLIC4, TNC, ANO6, SAMD4A, NAV2, NRCAM"	0.56	61	2127.5	4306	
15	15_NN			Astrocytes	Astrocytes	NN	GPi(0.29) | STH(0.26) | GPe(0.25) | SN-VTA(0.15)		"GJA1, ETNPPL, IRAG1, SLC6A11"	"SPARC, GJA1, ETNPPL, EFEMP1, IRAG1, SLC6A11, SLC1A2, TRPM3, SLC4A4, LUZP2"	0.365747143	2019	1935	3858	
16	16_NN			Astrocytes	Astrocytes	NN	GPi(0.55) | GPe(0.3) | STH(0.1)		"ITPRID1, XIRP2"	"ITPRID1, XIRP2, SPARC, FAM189A2, GJA1, ETNPPL, ATP1A2, ATP1B2, SLC6A11, SLC1A2"	0.560306575	3903	1857	3620	
17	17_NN			Oligos	Oligos	NN	SN-VTA(0.41) | STH(0.3) | CaB(0.09)		"BCAS1, ENPP2, QDPR, KIF13B"	"BCAS1, ENPP2, CNTN2, QDPR, KIF13B, PTPRK, PEX5L, PDE4B, CTNNA3, FRYL"	0.35150046	6260	1769	3933	
18	18_NN			Oligos	Oligos	NN	SN-VTA(0.8)		"CPM, GSN, ZDHHC20, RTN4"	"CPM, GSN, ZDHHC20, MAN2A1, PRKG1, RTN4, SYT16, KCNIP4, SYT1, CNTNAP2"	0.08908443	771	2205	5081	
19	19_NN			Oligos_Pre	Oligos_Pre	NN	NAC(0.45) | STH(0.26) | SN-VTA(0.11) | CaH(0.06)					107	1809	3355	
20	20_NN			Oligos	Oligos	NN	CaH(0.23) | CaB(0.14) | PuR(0.12) | GPe(0.11) | NAC(0.08) | GPi(0.08) | STH(0.08) | PuPV(0.07)		"OPALIN, FOLH1, CREB5, EDIL3, CTNNA3"	"OPALIN, FOLH1, CREB5, ARAP2, EDIL3, CTNNA3, FRYL, KIRREL3, UNC5C, TTLL7"	0.141964213	1770	1589.5	3493	
21	21_NN			Oligos	Oligos	NN	GPi(0.2) | NAC(0.19) | CaB(0.11) | GPe(0.11) | PuPV(0.09) | PuR(0.08) | STH(0.07)		"MTUS1, TMEM178A"	"ENPP6, MTUS1, TMEM178A, PTPRK, SERPINI1, THSD7A, MAN2A1, CTNNA3, MAPRE2, MAP7"	0.384210717	5735	1819	3970	
22	22_NN			Oligos	Oligos	NN	GPe(0.44) | GPi(0.31) | CaB(0.08) | NAC(0.06)		"MS4A8, ZDHHC20"	"MS4A8, ZDHHC20"	0.392206478	748	1707	3414	
23	23_NN			Microglia-CD96	Microglia	NN	GPe(0.19) | GPi(0.17) | STH(0.17) | NAC(0.09) | SN-VTA(0.08) | CaT(0.07) | CaB(0.06) | PuPV(0.06)		SKAP1	"SKAP1, CLEC2D, NKG2D, GRAP2, ITK, TC2N, THEMIS, ITGA4, PTPRC, RIPOR2"	0.930232558	113	929	1380	
24	24_NN			Microglia-CD96	Microglia	NN	GPi(0.19) | GPe(0.19) | SN-VTA(0.15) | PuC(0.11) | STH(0.1) | CaT(0.09) | PuPV(0.08)		KMO	"IDO1, KMO, FGR, ADGRE2, PECAM1, GBP3, ARHGAP15, DOCK2, TMEM170B, CDYL2"	0.426829268	42	812.5	1265	
25	25_NN			Microglia-CD96	Microglia	NN	GPi(0.28) | GPe(0.27) | STH(0.19) | CaB(0.07) | NAC(0.07)		"S100A4, PFN1"	"LSP1, S100A4, PFN1, S100P, RAC2, ITGB2, S100A6, IDO1, FCGR3, FGR"	0.737179487	60	1766.5	2940	
26	26_NN			Microglia-CD163	Microglia	NN	GPe(0.19) | NAC(0.15) | PuPV(0.11) | GPi(0.11) | STH(0.1) | SN-VTA(0.09) | CaT(0.07) | PuR(0.06)		DAB2	"CD163, CD200R1, COLEC12, F13A1, DAB2, IQGAP2, CPM, CMAH, SDC2, STARD13"	0.871111111	293	1171.5	1893	
27	27_NN			Ependyma	Ependyma	NN	NAC(0.35) | CaH(0.32) | CaB(0.18) | CaT(0.1)		"ZBBX, SPAG17"	"ZBBX, ADGB, SPATA17, TTC29, SPAG17, LRRIQ1, ARMC3, CFAP299, HYDIN, DNAH7"	0.877192983	132	1626	2824	
28	28_NN			Ependyma	Ependyma	NN	CaT(0.91)		"TTR, SLC39A12"	"TTR, CLIC6, SLC2A12, SLC13A4, SLC39A12, LMX1A, PRLR, SULF1, SPEF2, JPH1"	0.738255034	61	1318	2247	